Sl. No,UNITS,Population in Lakhs,Crime rate for 2019,Category,Crime_Type,Crimes,Year,% Variation in 2019 over 2018
1489,Cyberabad,62.1,1.59,Bodily Crimes,Murder,68,2018,0.456
1490,Hyderabad,39.53,2.1,Bodily Crimes,Murder,76,2018,0.092
1491,Karimnagar,10.15,1.58,Bodily Crimes,Murder,14,2018,0.143
1492,Khammam,14.11,0.92,Bodily Crimes,Murder,25,2018,-0.48
1493,Nizamabad,15.87,1.76,Bodily Crimes,Murder,19,2018,0.474
1494,Rachakonda,43.71,1.9,Bodily Crimes,Murder,79,2018,0.051
1495,Ramagundam,16.12,1.99,Bodily Crimes,Murder,38,2018,-0.158
1496,Siddipet,10.22,0.88,Bodily Crimes,Murder,16,2018,-0.438
1497,Warangal,23.75,1.81,Bodily Crimes,Murder,46,2018,-0.065
1498,Adilabad,7.53,1.46,Bodily Crimes,Murder,14,2018,-0.214
1499,Bhadradri Kothagudem,11.12,3.15,Bodily Crimes,Murder,26,2018,0.346
1500,jagtial,9.95,1.61,Bodily Crimes,Murder,29,2018,-0.448
1501,Jayashankar Bhupalpally,4.26,2.58,Bodily Crimes,Murder,21,2018,-0.476
1502,Jogulamba Gadwal,6.19,1.78,Bodily Crimes,Murder,8,2018,0.375
1503,Kamareddy,10.04,2.09,Bodily Crimes,Murder,19,2018,0.105
1504,Kumaram Bheem Asifabad,5.25,3.43,Bodily Crimes,Murder,15,2018,0.2
1505,Mahabubabad,7.84,1.66,Bodily Crimes,Murder,17,2018,-0.235
1506,Mahabubnagar,9.29,1.83,Bodily Crimes,Murder,18,2018,-0.056
1507,Medak,7.88,2.03,Bodily Crimes,Murder,16,2018,0
1508,Mulugu,2.93,2.73,Bodily Crimes,Murder,,2018,0
1509,Nagarkurnool,8.71,2.07,Bodily Crimes,Murder,13,2018,0.385
1510,Nalgonda,16.52,2.72,Bodily Crimes,Murder,33,2018,0.364
1511,Narayanpet,5.76,1.56,Bodily Crimes,Murder,,2018,0
1512,Nirmal,7.19,1.25,Bodily Crimes,Murder,14,2018,-0.357
1513,Rajanna Sircilla,5.62,1.42,Bodily Crimes,Murder,16,2018,-0.5
1514,Sanga Reddy,15.37,2.47,Bodily Crimes,Murder,29,2018,0.31
1515,Suryapet,11.09,2.52,Bodily Crimes,Murder,19,2018,0.474
1516,Vikarabad,9.37,2.77,Bodily Crimes,Murder,22,2018,0.182
1517,Wanaparthy,5.87,2.21,Bodily Crimes,Murder,6,2018,1.167
1518,RP Secunderabad,,0,Bodily Crimes,Murder,0,2018,0
1519,CID,,0,Bodily Crimes,Murder,,2018,0
1520,Cyberabad,62.1,1.59,Bodily Crimes,Murder,99,2019,0.456
1521,Hyderabad,39.53,2.1,Bodily Crimes,Murder,83,2019,0.092
1522,Karimnagar,10.15,1.58,Bodily Crimes,Murder,16,2019,0.143
1523,Khammam,14.11,0.92,Bodily Crimes,Murder,13,2019,-0.48
1524,Nizamabad,15.87,1.76,Bodily Crimes,Murder,28,2019,0.474
1525,Rachakonda,43.71,1.9,Bodily Crimes,Murder,83,2019,0.051
1526,Ramagundam,16.12,1.99,Bodily Crimes,Murder,32,2019,-0.158
1527,Siddipet,10.22,0.88,Bodily Crimes,Murder,9,2019,-0.438
1528,Warangal,23.75,1.81,Bodily Crimes,Murder,43,2019,-0.065
1529,Adilabad,7.53,1.46,Bodily Crimes,Murder,11,2019,-0.214
1530,Bhadradri Kothagudem,11.12,3.15,Bodily Crimes,Murder,35,2019,0.346
1531,jagtial,9.95,1.61,Bodily Crimes,Murder,16,2019,-0.448
1532,Jayashankar Bhupalpally,4.26,2.58,Bodily Crimes,Murder,11,2019,-0.476
1533,Jogulamba Gadwal,6.19,1.78,Bodily Crimes,Murder,11,2019,0.375
1534,Kamareddy,10.04,2.09,Bodily Crimes,Murder,21,2019,0.105
1535,Kumaram Bheem Asifabad,5.25,3.43,Bodily Crimes,Murder,18,2019,0.2
1536,Mahabubabad,7.84,1.66,Bodily Crimes,Murder,13,2019,-0.235
1537,Mahabubnagar,9.29,1.83,Bodily Crimes,Murder,17,2019,-0.056
1538,Medak,7.88,2.03,Bodily Crimes,Murder,16,2019,0
1539,Mulugu,2.93,2.73,Bodily Crimes,Murder,8,2019,0
1540,Nagarkurnool,8.71,2.07,Bodily Crimes,Murder,18,2019,0.385
1541,Nalgonda,16.52,2.72,Bodily Crimes,Murder,45,2019,0.364
1542,Narayanpet,5.76,1.56,Bodily Crimes,Murder,9,2019,0
1543,Nirmal,7.19,1.25,Bodily Crimes,Murder,9,2019,-0.357
1544,Rajanna Sircilla,5.62,1.42,Bodily Crimes,Murder,8,2019,-0.5
1545,Sanga Reddy,15.37,2.47,Bodily Crimes,Murder,38,2019,0.31
1546,Suryapet,11.09,2.52,Bodily Crimes,Murder,28,2019,0.474
1547,Vikarabad,9.37,2.77,Bodily Crimes,Murder,26,2019,0.182
1548,Wanaparthy,5.87,2.21,Bodily Crimes,Murder,13,2019,1.167
1549,RP Secunderabad,,0,Bodily Crimes,Murder,0,2019,0
1550,CID,,0,Bodily Crimes,Murder,,2019,0
1551,Cyberabad,62.1,4.57,Bodily Crimes,Rape,250,2018,0.136
1552,Hyderabad,39.53,7.24,Bodily Crimes,Rape,250,2018,0.144
1553,Karimnagar,10.15,2.46,Bodily Crimes,Rape,35,2018,-0.286
1554,Khammam,14.11,5.24,Bodily Crimes,Rape,58,2018,0.276
1555,Nizamabad,15.87,3.84,Bodily Crimes,Rape,27,2018,1.259
1556,Rachakonda,43.71,6.95,Bodily Crimes,Rape,286,2018,0.063
1557,Ramagundam,16.12,4.4,Bodily Crimes,Rape,55,2018,0.291
1558,Siddipet,10.22,5.28,Bodily Crimes,Rape,34,2018,0.588
1559,Warangal,23.75,3.12,Bodily Crimes,Rape,51,2018,0.451
1560,Adilabad,7.53,4.25,Bodily Crimes,Rape,27,2018,0.185
1561,Bhadradri Kothagudem,11.12,6.21,Bodily Crimes,Rape,54,2018,0.278
1562,jagtial,9.95,2.91,Bodily Crimes,Rape,34,2018,-0.147
1563,Jayashankar Bhupalpally,4.26,2.11,Bodily Crimes,Rape,23,2018,-0.609
1564,Jogulamba Gadwal,6.19,4.85,Bodily Crimes,Rape,20,2018,0.5
1565,Kamareddy,10.04,2.39,Bodily Crimes,Rape,20,2018,0.2
1566,Kumaram Bheem Asifabad,5.25,5.33,Bodily Crimes,Rape,24,2018,0.167
1567,Mahabubabad,7.84,4.97,Bodily Crimes,Rape,22,2018,0.773
1568,Mahabubnagar,9.29,9.58,Bodily Crimes,Rape,110,2018,-0.191
1569,Medak,7.88,4.31,Bodily Crimes,Rape,33,2018,0.03
1570,Mulugu,2.93,2.39,Bodily Crimes,Rape,,2018,0
1571,Nagarkurnool,8.71,2.76,Bodily Crimes,Rape,35,2018,-0.314
1572,Nalgonda,16.52,4.72,Bodily Crimes,Rape,52,2018,0.5
1573,Narayanpet,5.76,5.73,Bodily Crimes,Rape,,2018,0
1574,Nirmal,7.19,2.5,Bodily Crimes,Rape,27,2018,-0.333
1575,Rajanna Sircilla,5.62,3.56,Bodily Crimes,Rape,12,2018,0.667
1576,Sanga Reddy,15.37,3.38,Bodily Crimes,Rape,40,2018,0.3
1577,Suryapet,11.09,6.4,Bodily Crimes,Rape,58,2018,0.224
1578,Vikarabad,9.37,5.44,Bodily Crimes,Rape,20,2018,1.55
1579,Wanaparthy,5.87,4.77,Bodily Crimes,Rape,36,2018,-0.222
1580,RP Secunderabad,,0,Bodily Crimes,Rape,1,2018,0
1581,CID,,0,Bodily Crimes,Rape,1,2018,-1
1582,Cyberabad,62.1,4.57,Bodily Crimes,Rape,284,2019,0.136
1583,Hyderabad,39.53,7.24,Bodily Crimes,Rape,286,2019,0.144
1584,Karimnagar,10.15,2.46,Bodily Crimes,Rape,25,2019,-0.286
1585,Khammam,14.11,5.24,Bodily Crimes,Rape,74,2019,0.276
1586,Nizamabad,15.87,3.84,Bodily Crimes,Rape,61,2019,1.259
1587,Rachakonda,43.71,6.95,Bodily Crimes,Rape,304,2019,0.063
1588,Ramagundam,16.12,4.4,Bodily Crimes,Rape,71,2019,0.291
1589,Siddipet,10.22,5.28,Bodily Crimes,Rape,54,2019,0.588
1590,Warangal,23.75,3.12,Bodily Crimes,Rape,74,2019,0.451
1591,Adilabad,7.53,4.25,Bodily Crimes,Rape,32,2019,0.185
1592,Bhadradri Kothagudem,11.12,6.21,Bodily Crimes,Rape,69,2019,0.278
1593,jagtial,9.95,2.91,Bodily Crimes,Rape,29,2019,-0.147
1594,Jayashankar Bhupalpally,4.26,2.11,Bodily Crimes,Rape,9,2019,-0.609
1595,Jogulamba Gadwal,6.19,4.85,Bodily Crimes,Rape,30,2019,0.5
1596,Kamareddy,10.04,2.39,Bodily Crimes,Rape,24,2019,0.2
1597,Kumaram Bheem Asifabad,5.25,5.33,Bodily Crimes,Rape,28,2019,0.167
1598,Mahabubabad,7.84,4.97,Bodily Crimes,Rape,39,2019,0.773
1599,Mahabubnagar,9.29,9.58,Bodily Crimes,Rape,89,2019,-0.191
1600,Medak,7.88,4.31,Bodily Crimes,Rape,34,2019,0.03
1601,Mulugu,2.93,2.39,Bodily Crimes,Rape,7,2019,0
1602,Nagarkurnool,8.71,2.76,Bodily Crimes,Rape,24,2019,-0.314
1603,Nalgonda,16.52,4.72,Bodily Crimes,Rape,78,2019,0.5
1604,Narayanpet,5.76,5.73,Bodily Crimes,Rape,33,2019,0
1605,Nirmal,7.19,2.5,Bodily Crimes,Rape,18,2019,-0.333
1606,Rajanna Sircilla,5.62,3.56,Bodily Crimes,Rape,20,2019,0.667
1607,Sanga Reddy,15.37,3.38,Bodily Crimes,Rape,52,2019,0.3
1608,Suryapet,11.09,6.4,Bodily Crimes,Rape,71,2019,0.224
1609,Vikarabad,9.37,5.44,Bodily Crimes,Rape,51,2019,1.55
1610,Wanaparthy,5.87,4.77,Bodily Crimes,Rape,28,2019,-0.222
1611,RP Secunderabad,,0,Bodily Crimes,Rape,1,2019,0
1612,CID,,0,Bodily Crimes,Rape,,2019,-1
1613,Cyberabad,62.1,0.18,Bodily Crimes,Rioting,28,2018,-0.607
1614,Hyderabad,39.53,0.86,Bodily Crimes,Rioting,34,2018,0
1615,Karimnagar,10.15,1.08,Bodily Crimes,Rioting,33,2018,-0.667
1616,Khammam,14.11,5.17,Bodily Crimes,Rioting,41,2018,0.78
1617,Nizamabad,15.87,2.21,Bodily Crimes,Rioting,11,2018,2.182
1618,Rachakonda,43.71,2.54,Bodily Crimes,Rioting,60,2018,0.85
1619,Ramagundam,16.12,0.93,Bodily Crimes,Rioting,23,2018,-0.348
1620,Siddipet,10.22,0.78,Bodily Crimes,Rioting,11,2018,-0.273
1621,Warangal,23.75,2.65,Bodily Crimes,Rioting,54,2018,0.167
1622,Adilabad,7.53,2.92,Bodily Crimes,Rioting,16,2018,0.375
1623,Bhadradri Kothagudem,11.12,2.61,Bodily Crimes,Rioting,35,2018,-0.171
1624,jagtial,9.95,2.01,Bodily Crimes,Rioting,30,2018,-0.333
1625,Jayashankar Bhupalpally,4.26,3.29,Bodily Crimes,Rioting,21,2018,-0.333
1626,Jogulamba Gadwal,6.19,0.16,Bodily Crimes,Rioting,6,2018,-0.833
1627,Kamareddy,10.04,1.39,Bodily Crimes,Rioting,12,2018,0.167
1628,Kumaram Bheem Asifabad,5.25,1.52,Bodily Crimes,Rioting,20,2018,-0.6
1629,Mahabubabad,7.84,9.31,Bodily Crimes,Rioting,84,2018,-0.131
1630,Mahabubnagar,9.29,0.54,Bodily Crimes,Rioting,12,2018,-0.583
1631,Medak,7.88,0.63,Bodily Crimes,Rioting,11,2018,-0.545
1632,Mulugu,2.93,2.39,Bodily Crimes,Rioting,7,2018,0
1633,Nagarkurnool,8.71,0,Bodily Crimes,Rioting,3,2018,-1
1634,Nalgonda,16.52,2.36,Bodily Crimes,Rioting,20,2018,0.95
1635,Narayanpet,5.76,1.56,Bodily Crimes,Rioting,9,2018,0
1636,Nirmal,7.19,1.67,Bodily Crimes,Rioting,11,2018,0.091
1637,Rajanna Sircilla,5.62,4.27,Bodily Crimes,Rioting,17,2018,0.412
1638,Sanga Reddy,15.37,1.04,Bodily Crimes,Rioting,14,2018,0.143
1639,Suryapet,11.09,2.98,Bodily Crimes,Rioting,14,2018,1.357
1640,Vikarabad,9.37,0.75,Bodily Crimes,Rioting,9,2018,-0.222
1641,Wanaparthy,5.87,0.68,Bodily Crimes,Rioting,3,2018,0.333
1642,RP Secunderabad,,0,Bodily Crimes,Rioting,0,2018,0
1643,CID,,0,Bodily Crimes,Rioting,,2018,0
1644,Cyberabad,62.1,0.18,Bodily Crimes,Rioting,11,2019,-0.607
1645,Hyderabad,39.53,0.86,Bodily Crimes,Rioting,34,2019,0
1646,Karimnagar,10.15,1.08,Bodily Crimes,Rioting,11,2019,-0.667
1647,Khammam,14.11,5.17,Bodily Crimes,Rioting,73,2019,0.78
1648,Nizamabad,15.87,2.21,Bodily Crimes,Rioting,35,2019,2.182
1649,Rachakonda,43.71,2.54,Bodily Crimes,Rioting,111,2019,0.85
1650,Ramagundam,16.12,0.93,Bodily Crimes,Rioting,15,2019,-0.348
1651,Siddipet,10.22,0.78,Bodily Crimes,Rioting,8,2019,-0.273
1652,Warangal,23.75,2.65,Bodily Crimes,Rioting,63,2019,0.167
1653,Adilabad,7.53,2.92,Bodily Crimes,Rioting,22,2019,0.375
1654,Bhadradri Kothagudem,11.12,2.61,Bodily Crimes,Rioting,29,2019,-0.171
1655,jagtial,9.95,2.01,Bodily Crimes,Rioting,20,2019,-0.333
1656,Jayashankar Bhupalpally,4.26,3.29,Bodily Crimes,Rioting,14,2019,-0.333
1657,Jogulamba Gadwal,6.19,0.16,Bodily Crimes,Rioting,1,2019,-0.833
1658,Kamareddy,10.04,1.39,Bodily Crimes,Rioting,14,2019,0.167
1659,Kumaram Bheem Asifabad,5.25,1.52,Bodily Crimes,Rioting,8,2019,-0.6
1660,Mahabubabad,7.84,9.31,Bodily Crimes,Rioting,73,2019,-0.131
1661,Mahabubnagar,9.29,0.54,Bodily Crimes,Rioting,5,2019,-0.583
1662,Medak,7.88,0.63,Bodily Crimes,Rioting,5,2019,-0.545
1663,Mulugu,2.93,2.39,Bodily Crimes,Rioting,,2019,0
1664,Nagarkurnool,8.71,0,Bodily Crimes,Rioting,0,2019,-1
1665,Nalgonda,16.52,2.36,Bodily Crimes,Rioting,39,2019,0.95
1666,Narayanpet,5.76,1.56,Bodily Crimes,Rioting,,2019,0
1667,Nirmal,7.19,1.67,Bodily Crimes,Rioting,12,2019,0.091
1668,Rajanna Sircilla,5.62,4.27,Bodily Crimes,Rioting,24,2019,0.412
1669,Sanga Reddy,15.37,1.04,Bodily Crimes,Rioting,16,2019,0.143
1670,Suryapet,11.09,2.98,Bodily Crimes,Rioting,33,2019,1.357
1671,Vikarabad,9.37,0.75,Bodily Crimes,Rioting,7,2019,-0.222
1672,Wanaparthy,5.87,0.68,Bodily Crimes,Rioting,4,2019,0.333
1673,RP Secunderabad,,0,Bodily Crimes,Rioting,0,2019,0
1674,CID,,0,Bodily Crimes,Rioting,,2019,0
1675,Cyberabad,62.1,4.23510467,Crime Against Children,Kidnapping_Abduction,263,2018,0.48
1676,Hyderabad,39.53,4.857070579,Crime Against Children,Kidnapping_Abduction,192,2018,-0.07
1677,Karimnagar,10.15,1.379310345,Crime Against Children,Kidnapping_Abduction,14,2018,-0.21
1678,Khammam,14.11,5.386250886,Crime Against Children,Kidnapping_Abduction,76,2018,0
1679,Nizamabad,15.87,0.56710775,Crime Against Children,Kidnapping_Abduction,9,2018,0.44
1680,Rachakonda,43.71,0.892244338,Crime Against Children,Kidnapping_Abduction,39,2018,-0.82
1681,Ramagundam,16.12,0.806451613,Crime Against Children,Kidnapping_Abduction,13,2018,1.38
1682,Siddipet,10.22,1.174168297,Crime Against Children,Kidnapping_Abduction,12,2018,-0.5
1683,Warangal,23.75,4.547368421,Crime Against Children,Kidnapping_Abduction,108,2018,0.35
1684,Adilabad,7.53,1.062416999,Crime Against Children,Kidnapping_Abduction,8,2018,1
1685,Bhadradri Kothagudem,11.12,1.528776978,Crime Against Children,Kidnapping_Abduction,17,2018,1.76
1686,jagtial,9.95,0,Crime Against Children,Kidnapping_Abduction,0,2018,0
1687,Jayashankar Bhupalpally,4.26,3.990610329,Crime Against Children,Kidnapping_Abduction,17,2018,-0.94
1688,Jogulamba Gadwal,6.19,0.969305331,Crime Against Children,Kidnapping_Abduction,6,2018,0
1689,Kamareddy,10.04,0.996015936,Crime Against Children,Kidnapping_Abduction,10,2018,-0.8
1690,Kumaram Bheem Asifabad,5.25,0.380952381,Crime Against Children,Kidnapping_Abduction,2,2018,-0.5
1691,Mahabubabad,7.84,5.612244898,Crime Against Children,Kidnapping_Abduction,44,2018,-0.18
1692,Mahabubnagar,9.29,6.566200215,Crime Against Children,Kidnapping_Abduction,61,2018,0.02
1693,Medak,7.88,2.918781726,Crime Against Children,Kidnapping_Abduction,23,2018,-0.74
1694,Mulugu,2.93,0,Crime Against Children,Kidnapping_Abduction,0,2018,0
1695,Nagarkurnool,8.71,2.870264064,Crime Against Children,Kidnapping_Abduction,25,2018,-0.08
1696,Nalgonda,16.52,0.363196126,Crime Against Children,Kidnapping_Abduction,6,2018,-0.17
1697,Narayanpet,5.76,0,Crime Against Children,Kidnapping_Abduction,0,2018,0
1698,Nirmal,7.19,0.417246175,Crime Against Children,Kidnapping_Abduction,3,2018,0
1699,Rajanna Sircilla,5.62,2.135231317,Crime Against Children,Kidnapping_Abduction,12,2018,-0.75
1700,Sanga Reddy,15.37,0.650618087,Crime Against Children,Kidnapping_Abduction,10,2018,-0.4
1701,Suryapet,11.09,0.541027953,Crime Against Children,Kidnapping_Abduction,6,2018,0.67
1702,Vikarabad,9.37,2.027748132,Crime Against Children,Kidnapping_Abduction,19,2018,0.11
1703,Wanaparthy,5.87,1.192504259,Crime Against Children,Kidnapping_Abduction,7,2018,-0.14
1704,RP Secunderabad,,#DIV/0!,Crime Against Children,Kidnapping_Abduction,2,2018,0
1705,CID,,#DIV/0!,Crime Against Children,Kidnapping_Abduction,0,2018,0
1706,Cyberabad,62.1,6.280193237,Crime Against Children,Kidnapping_Abduction,390,2019,0.48
1707,Hyderabad,39.53,4.502909183,Crime Against Children,Kidnapping_Abduction,178,2019,-0.07
1708,Karimnagar,10.15,1.083743842,Crime Against Children,Kidnapping_Abduction,11,2019,-0.21
1709,Khammam,14.11,5.386250886,Crime Against Children,Kidnapping_Abduction,76,2019,0
1710,Nizamabad,15.87,0.81915564,Crime Against Children,Kidnapping_Abduction,13,2019,0.44
1711,Rachakonda,43.71,0.16014642,Crime Against Children,Kidnapping_Abduction,7,2019,-0.82
1712,Ramagundam,16.12,1.923076923,Crime Against Children,Kidnapping_Abduction,31,2019,1.38
1713,Siddipet,10.22,0.587084149,Crime Against Children,Kidnapping_Abduction,6,2019,-0.5
1714,Warangal,23.75,6.147368421,Crime Against Children,Kidnapping_Abduction,146,2019,0.35
1715,Adilabad,7.53,2.124833997,Crime Against Children,Kidnapping_Abduction,16,2019,1
1716,Bhadradri Kothagudem,11.12,4.226618705,Crime Against Children,Kidnapping_Abduction,47,2019,1.76
1717,jagtial,9.95,0.40201005,Crime Against Children,Kidnapping_Abduction,4,2019,0
1718,Jayashankar Bhupalpally,4.26,0.234741784,Crime Against Children,Kidnapping_Abduction,1,2019,-0.94
1719,Jogulamba Gadwal,6.19,0.969305331,Crime Against Children,Kidnapping_Abduction,6,2019,0
1720,Kamareddy,10.04,0.199203187,Crime Against Children,Kidnapping_Abduction,2,2019,-0.8
1721,Kumaram Bheem Asifabad,5.25,0.19047619,Crime Against Children,Kidnapping_Abduction,1,2019,-0.5
1722,Mahabubabad,7.84,4.591836735,Crime Against Children,Kidnapping_Abduction,36,2019,-0.18
1723,Mahabubnagar,9.29,6.673842842,Crime Against Children,Kidnapping_Abduction,62,2019,0.02
1724,Medak,7.88,0.76142132,Crime Against Children,Kidnapping_Abduction,6,2019,-0.74
1725,Mulugu,2.93,1.023890785,Crime Against Children,Kidnapping_Abduction,3,2019,0
1726,Nagarkurnool,8.71,2.640642939,Crime Against Children,Kidnapping_Abduction,23,2019,-0.08
1727,Nalgonda,16.52,0.302663438,Crime Against Children,Kidnapping_Abduction,5,2019,-0.17
1728,Narayanpet,5.76,4.861111111,Crime Against Children,Kidnapping_Abduction,28,2019,0
1729,Nirmal,7.19,0.417246175,Crime Against Children,Kidnapping_Abduction,3,2019,0
1730,Rajanna Sircilla,5.62,0.533807829,Crime Against Children,Kidnapping_Abduction,3,2019,-0.75
1731,Sanga Reddy,15.37,0.390370852,Crime Against Children,Kidnapping_Abduction,6,2019,-0.4
1732,Suryapet,11.09,0.901713255,Crime Against Children,Kidnapping_Abduction,10,2019,0.67
1733,Vikarabad,9.37,2.241195304,Crime Against Children,Kidnapping_Abduction,21,2019,0.11
1734,Wanaparthy,5.87,1.022146508,Crime Against Children,Kidnapping_Abduction,6,2019,-0.14
1735,RP Secunderabad,,#DIV/0!,Crime Against Children,Kidnapping_Abduction,2,2019,0
1736,CID,,#DIV/0!,Crime Against Children,Kidnapping_Abduction,0,2019,0
1737,Cyberabad,62.1,0.064412238,Crime Against Children,Murder,4,2018,1.25
1738,Hyderabad,39.53,0.126486213,Crime Against Children,Murder,5,2018,-1
1739,Karimnagar,10.15,0.295566502,Crime Against Children,Murder,3,2018,-1
1740,Khammam,14.11,0.212615167,Crime Against Children,Murder,3,2018,-1
1741,Nizamabad,15.87,0.126023945,Crime Against Children,Murder,2,2018,0
1742,Rachakonda,43.71,0.02287806,Crime Against Children,Murder,1,2018,2
1743,Ramagundam,16.12,0.124069479,Crime Against Children,Murder,2,2018,1
1744,Siddipet,10.22,0.195694716,Crime Against Children,Murder,2,2018,0
1745,Warangal,23.75,0.084210526,Crime Against Children,Murder,2,2018,0
1746,Adilabad,7.53,0,Crime Against Children,Murder,0,2018,0
1747,Bhadradri Kothagudem,11.12,0,Crime Against Children,Murder,0,2018,0
1748,jagtial,9.95,0,Crime Against Children,Murder,0,2018,0
1749,Jayashankar Bhupalpally,4.26,0,Crime Against Children,Murder,0,2018,0
1750,Jogulamba Gadwal,6.19,0.323101777,Crime Against Children,Murder,2,2018,-1
1751,Kamareddy,10.04,0,Crime Against Children,Murder,0,2018,0
1752,Kumaram Bheem Asifabad,5.25,0.19047619,Crime Against Children,Murder,1,2018,-1
1753,Mahabubabad,7.84,0.255102041,Crime Against Children,Murder,2,2018,-1
1754,Mahabubnagar,9.29,0,Crime Against Children,Murder,0,2018,0
1755,Medak,7.88,0,Crime Against Children,Murder,0,2018,0
1756,Mulugu,2.93,0,Crime Against Children,Murder,0,2018,0
1757,Nagarkurnool,8.71,0.229621125,Crime Against Children,Murder,2,2018,-1
1758,Nalgonda,16.52,0.060532688,Crime Against Children,Murder,1,2018,2
1759,Narayanpet,5.76,0,Crime Against Children,Murder,0,2018,0
1760,Nirmal,7.19,0.278164117,Crime Against Children,Murder,2,2018,-1
1761,Rajanna Sircilla,5.62,0,Crime Against Children,Murder,0,2018,0
1762,Sanga Reddy,15.37,0.065061809,Crime Against Children,Murder,1,2018,-1
1763,Suryapet,11.09,0.090171326,Crime Against Children,Murder,1,2018,-1
1764,Vikarabad,9.37,0,Crime Against Children,Murder,0,2018,0
1765,Wanaparthy,5.87,0.340715503,Crime Against Children,Murder,2,2018,-0.5
1766,RP Secunderabad,,#DIV/0!,Crime Against Children,Murder,0,2018,0
1767,CID,,#DIV/0!,Crime Against Children,Murder,0,2018,0
1768,Cyberabad,62.1,0.144927536,Crime Against Children,Murder,9,2019,1.25
1769,Hyderabad,39.53,0,Crime Against Children,Murder,0,2019,-1
1770,Karimnagar,10.15,0,Crime Against Children,Murder,0,2019,-1
1771,Khammam,14.11,0,Crime Against Children,Murder,0,2019,-1
1772,Nizamabad,15.87,0.126023945,Crime Against Children,Murder,2,2019,0
1773,Rachakonda,43.71,0.06863418,Crime Against Children,Murder,3,2019,2
1774,Ramagundam,16.12,0.248138958,Crime Against Children,Murder,4,2019,1
1775,Siddipet,10.22,0.195694716,Crime Against Children,Murder,2,2019,0
1776,Warangal,23.75,0.084210526,Crime Against Children,Murder,2,2019,0
1777,Adilabad,7.53,0,Crime Against Children,Murder,0,2019,0
1778,Bhadradri Kothagudem,11.12,0.089928058,Crime Against Children,Murder,1,2019,0
1779,jagtial,9.95,0,Crime Against Children,Murder,0,2019,0
1780,Jayashankar Bhupalpally,4.26,0,Crime Against Children,Murder,0,2019,0
1781,Jogulamba Gadwal,6.19,0,Crime Against Children,Murder,0,2019,-1
1782,Kamareddy,10.04,0,Crime Against Children,Murder,0,2019,0
1783,Kumaram Bheem Asifabad,5.25,0,Crime Against Children,Murder,0,2019,-1
1784,Mahabubabad,7.84,0,Crime Against Children,Murder,0,2019,-1
1785,Mahabubnagar,9.29,0.107642626,Crime Against Children,Murder,1,2019,0
1786,Medak,7.88,0,Crime Against Children,Murder,0,2019,0
1787,Mulugu,2.93,0,Crime Against Children,Murder,0,2019,0
1788,Nagarkurnool,8.71,0,Crime Against Children,Murder,0,2019,-1
1789,Nalgonda,16.52,0.181598063,Crime Against Children,Murder,3,2019,2
1790,Narayanpet,5.76,0,Crime Against Children,Murder,0,2019,0
1791,Nirmal,7.19,0,Crime Against Children,Murder,0,2019,-1
1792,Rajanna Sircilla,5.62,0,Crime Against Children,Murder,0,2019,0
1793,Sanga Reddy,15.37,0,Crime Against Children,Murder,0,2019,-1
1794,Suryapet,11.09,0,Crime Against Children,Murder,0,2019,-1
1795,Vikarabad,9.37,0.213447172,Crime Against Children,Murder,2,2019,0
1796,Wanaparthy,5.87,0.170357751,Crime Against Children,Murder,1,2019,-0.5
1797,RP Secunderabad,,#DIV/0!,Crime Against Children,Murder,0,2019,0
1798,CID,,#DIV/0!,Crime Against Children,Murder,0,2019,0
1799,Cyberabad,62.1,2.753623188,Crime Against Children,Rape,171,2018,0.09
1800,Hyderabad,39.53,4.351125727,Crime Against Children,Rape,172,2018,-0.31
1801,Karimnagar,10.15,1.97044335,Crime Against Children,Rape,20,2018,-0.55
1802,Khammam,14.11,3.472714387,Crime Against Children,Rape,49,2018,0.04
1803,Nizamabad,15.87,1.323251418,Crime Against Children,Rape,21,2018,0.62
1804,Rachakonda,43.71,3.294440631,Crime Against Children,Rape,144,2018,-0.02
1805,Ramagundam,16.12,2.481389578,Crime Against Children,Rape,40,2018,0
1806,Siddipet,10.22,2.641878669,Crime Against Children,Rape,27,2018,0.33
1807,Warangal,23.75,1.389473684,Crime Against Children,Rape,33,2018,0.24
1808,Adilabad,7.53,2.257636122,Crime Against Children,Rape,17,2018,0.18
1809,Bhadradri Kothagudem,11.12,3.237410072,Crime Against Children,Rape,36,2018,0.17
1810,jagtial,9.95,1.005025126,Crime Against Children,Rape,10,2018,1.2
1811,Jayashankar Bhupalpally,4.26,4.694835681,Crime Against Children,Rape,20,2018,-0.75
1812,Jogulamba Gadwal,6.19,2.746365105,Crime Against Children,Rape,17,2018,0.41
1813,Kamareddy,10.04,1.195219124,Crime Against Children,Rape,12,2018,0.42
1814,Kumaram Bheem Asifabad,5.25,2.476190476,Crime Against Children,Rape,13,2018,0.15
1815,Mahabubabad,7.84,2.168367347,Crime Against Children,Rape,17,2018,0.24
1816,Mahabubnagar,9.29,8.719052745,Crime Against Children,Rape,81,2018,-0.22
1817,Medak,7.88,4.187817259,Crime Against Children,Rape,33,2018,-0.12
1818,Mulugu,2.93,0,Crime Against Children,Rape,0,2018,0
1819,Nagarkurnool,8.71,3.329506315,Crime Against Children,Rape,29,2018,-0.41
1820,Nalgonda,16.52,1.937046005,Crime Against Children,Rape,32,2018,0.53
1821,Narayanpet,5.76,0,Crime Against Children,Rape,0,2018,0
1822,Nirmal,7.19,2.64255911,Crime Against Children,Rape,19,2018,-0.37
1823,Rajanna Sircilla,5.62,1.245551601,Crime Against Children,Rape,7,2018,0.86
1824,Sanga Reddy,15.37,2.01691607,Crime Against Children,Rape,31,2018,0.32
1825,Suryapet,11.09,3.42651037,Crime Against Children,Rape,38,2018,0.08
1826,Vikarabad,9.37,2.134471718,Crime Against Children,Rape,20,2018,1.15
1827,Wanaparthy,5.87,4.940374787,Crime Against Children,Rape,29,2018,-0.31
1828,RP Secunderabad,,#DIV/0!,Crime Against Children,Rape,2,2018,0
1829,CID,,#DIV/0!,Crime Against Children,Rape,0,2018,0
1830,Cyberabad,62.1,2.995169082,Crime Against Children,Rape,186,2019,0.09
1831,Hyderabad,39.53,2.985074627,Crime Against Children,Rape,118,2019,-0.31
1832,Karimnagar,10.15,0.886699507,Crime Against Children,Rape,9,2019,-0.55
1833,Khammam,14.11,3.614457831,Crime Against Children,Rape,51,2019,0.04
1834,Nizamabad,15.87,2.142407057,Crime Against Children,Rape,34,2019,0.62
1835,Rachakonda,43.71,3.225806452,Crime Against Children,Rape,141,2019,-0.02
1836,Ramagundam,16.12,2.481389578,Crime Against Children,Rape,40,2019,0
1837,Siddipet,10.22,3.522504892,Crime Against Children,Rape,36,2019,0.33
1838,Warangal,23.75,1.726315789,Crime Against Children,Rape,41,2019,0.24
1839,Adilabad,7.53,2.656042497,Crime Against Children,Rape,20,2019,0.18
1840,Bhadradri Kothagudem,11.12,3.776978417,Crime Against Children,Rape,42,2019,0.17
1841,jagtial,9.95,2.211055276,Crime Against Children,Rape,22,2019,1.2
1842,Jayashankar Bhupalpally,4.26,1.17370892,Crime Against Children,Rape,5,2019,-0.75
1843,Jogulamba Gadwal,6.19,3.877221325,Crime Against Children,Rape,24,2019,0.41
1844,Kamareddy,10.04,1.693227092,Crime Against Children,Rape,17,2019,0.42
1845,Kumaram Bheem Asifabad,5.25,2.857142857,Crime Against Children,Rape,15,2019,0.15
1846,Mahabubabad,7.84,2.678571429,Crime Against Children,Rape,21,2019,0.24
1847,Mahabubnagar,9.29,6.781485468,Crime Against Children,Rape,63,2019,-0.22
1848,Medak,7.88,3.680203046,Crime Against Children,Rape,29,2019,-0.12
1849,Mulugu,2.93,1.706484642,Crime Against Children,Rape,5,2019,0
1850,Nagarkurnool,8.71,1.951779564,Crime Against Children,Rape,17,2019,-0.41
1851,Nalgonda,16.52,2.966101695,Crime Against Children,Rape,49,2019,0.53
1852,Narayanpet,5.76,3.993055556,Crime Against Children,Rape,23,2019,0
1853,Nirmal,7.19,1.668984701,Crime Against Children,Rape,12,2019,-0.37
1854,Rajanna Sircilla,5.62,2.31316726,Crime Against Children,Rape,13,2019,0.86
1855,Sanga Reddy,15.37,2.667534157,Crime Against Children,Rape,41,2019,0.32
1856,Suryapet,11.09,3.697024346,Crime Against Children,Rape,41,2019,0.08
1857,Vikarabad,9.37,4.589114194,Crime Against Children,Rape,43,2019,1.15
1858,Wanaparthy,5.87,3.407155026,Crime Against Children,Rape,20,2019,-0.31
1859,RP Secunderabad,,#DIV/0!,Crime Against Children,Rape,2,2019,0
1860,CID,,#DIV/0!,Crime Against Children,Rape,0,2019,0
1861,Cyberabad,62.1,0.901771337,Crime Against Women,Abetment to Suicide,56,2018,0.143
1862,Hyderabad,39.53,0.708322793,Crime Against Women,Abetment to Suicide,28,2018,0
1863,Karimnagar,10.15,1.477832512,Crime Against Women,Abetment to Suicide,15,2018,-0.267
1864,Khammam,14.11,2.197023388,Crime Against Women,Abetment to Suicide,31,2018,-0.419
1865,Nizamabad,15.87,0.882167612,Crime Against Women,Abetment to Suicide,14,2018,0.5
1866,Rachakonda,43.71,0.709219858,Crime Against Women,Abetment to Suicide,31,2018,-0.419
1867,Ramagundam,16.12,1.612903226,Crime Against Women,Abetment to Suicide,26,2018,-0.269
1868,Siddipet,10.22,1.174168297,Crime Against Women,Abetment to Suicide,12,2018,-0.167
1869,Warangal,23.75,1.6,Crime Against Women,Abetment to Suicide,38,2018,-0.105
1870,Adilabad,7.53,0.929614874,Crime Against Women,Abetment to Suicide,7,2018,0.571
1871,Bhadradri Kothagudem,11.12,1.528776978,Crime Against Women,Abetment to Suicide,17,2018,0
1872,jagtial,9.95,1.306532663,Crime Against Women,Abetment to Suicide,13,2018,-0.231
1873,Jayashankar Bhupalpally,4.26,3.286384977,Crime Against Women,Abetment to Suicide,14,2018,-0.429
1874,Jogulamba Gadwal,6.19,0.484652666,Crime Against Women,Abetment to Suicide,3,2018,0.333
1875,Kamareddy,10.04,0.498007968,Crime Against Women,Abetment to Suicide,5,2018,0
1876,Kumaram Bheem Asifabad,5.25,1.714285714,Crime Against Women,Abetment to Suicide,9,2018,-0.222
1877,Mahabubabad,7.84,2.040816327,Crime Against Women,Abetment to Suicide,16,2018,-0.625
1878,Mahabubnagar,9.29,1.614639397,Crime Against Women,Abetment to Suicide,15,2018,-0.333
1879,Medak,7.88,0.76142132,Crime Against Women,Abetment to Suicide,6,2018,1
1880,Mulugu,2.93,0,Crime Against Women,Abetment to Suicide,0,2018,0
1881,Nagarkurnool,8.71,1.836969001,Crime Against Women,Abetment to Suicide,16,2018,-0.5
1882,Nalgonda,16.52,1.331719128,Crime Against Women,Abetment to Suicide,22,2018,-0.182
1883,Narayanpet,5.76,0,Crime Against Women,Abetment to Suicide,0,2018,0
1884,Nirmal,7.19,0.695410292,Crime Against Women,Abetment to Suicide,5,2018,1
1885,Rajanna Sircilla,5.62,0.711743772,Crime Against Women,Abetment to Suicide,4,2018,-1
1886,Sanga Reddy,15.37,0.975927131,Crime Against Women,Abetment to Suicide,15,2018,0.067
1887,Suryapet,11.09,0.721370604,Crime Against Women,Abetment to Suicide,8,2018,-0.125
1888,Vikarabad,9.37,0.426894344,Crime Against Women,Abetment to Suicide,4,2018,0.5
1889,Wanaparthy,5.87,0.851788756,Crime Against Women,Abetment to Suicide,5,2018,-0.4
1890,RP Secunderabad,,#DIV/0!,Crime Against Women,Abetment to Suicide,0,2018,0
1891,CID,,#DIV/0!,Crime Against Women,Abetment to Suicide,0,2018,0
1892,Cyberabad,62.1,1.030595813,Crime Against Women,Abetment to Suicide,64,2019,0.143
1893,Hyderabad,39.53,0.708322793,Crime Against Women,Abetment to Suicide,28,2019,0
1894,Karimnagar,10.15,1.083743842,Crime Against Women,Abetment to Suicide,11,2019,-0.267
1895,Khammam,14.11,1.275690999,Crime Against Women,Abetment to Suicide,18,2019,-0.419
1896,Nizamabad,15.87,1.323251418,Crime Against Women,Abetment to Suicide,21,2019,0.5
1897,Rachakonda,43.71,0.411805079,Crime Against Women,Abetment to Suicide,18,2019,-0.419
1898,Ramagundam,16.12,1.17866005,Crime Against Women,Abetment to Suicide,19,2019,-0.269
1899,Siddipet,10.22,0.978473581,Crime Against Women,Abetment to Suicide,10,2019,-0.167
1900,Warangal,23.75,1.431578947,Crime Against Women,Abetment to Suicide,34,2019,-0.105
1901,Adilabad,7.53,1.460823373,Crime Against Women,Abetment to Suicide,11,2019,0.571
1902,Bhadradri Kothagudem,11.12,1.528776978,Crime Against Women,Abetment to Suicide,17,2019,0
1903,jagtial,9.95,1.005025126,Crime Against Women,Abetment to Suicide,10,2019,-0.231
1904,Jayashankar Bhupalpally,4.26,1.877934272,Crime Against Women,Abetment to Suicide,8,2019,-0.429
1905,Jogulamba Gadwal,6.19,0.646203554,Crime Against Women,Abetment to Suicide,4,2019,0.333
1906,Kamareddy,10.04,0.498007968,Crime Against Women,Abetment to Suicide,5,2019,0
1907,Kumaram Bheem Asifabad,5.25,1.333333333,Crime Against Women,Abetment to Suicide,7,2019,-0.222
1908,Mahabubabad,7.84,0.765306122,Crime Against Women,Abetment to Suicide,6,2019,-0.625
1909,Mahabubnagar,9.29,1.076426265,Crime Against Women,Abetment to Suicide,10,2019,-0.333
1910,Medak,7.88,1.52284264,Crime Against Women,Abetment to Suicide,12,2019,1
1911,Mulugu,2.93,1.706484642,Crime Against Women,Abetment to Suicide,5,2019,0
1912,Nagarkurnool,8.71,0.918484501,Crime Against Women,Abetment to Suicide,8,2019,-0.5
1913,Nalgonda,16.52,1.089588378,Crime Against Women,Abetment to Suicide,18,2019,-0.182
1914,Narayanpet,5.76,0.868055556,Crime Against Women,Abetment to Suicide,5,2019,0
1915,Nirmal,7.19,1.390820584,Crime Against Women,Abetment to Suicide,10,2019,1
1916,Rajanna Sircilla,5.62,0,Crime Against Women,Abetment to Suicide,0,2019,-1
1917,Sanga Reddy,15.37,1.040988939,Crime Against Women,Abetment to Suicide,16,2019,0.067
1918,Suryapet,11.09,0.631199279,Crime Against Women,Abetment to Suicide,7,2019,-0.125
1919,Vikarabad,9.37,0.640341515,Crime Against Women,Abetment to Suicide,6,2019,0.5
1920,Wanaparthy,5.87,0.511073254,Crime Against Women,Abetment to Suicide,3,2019,-0.4
1921,RP Secunderabad,,#DIV/0!,Crime Against Women,Abetment to Suicide,0,2019,0
1922,CID,,#DIV/0!,Crime Against Women,Abetment to Suicide,0,2019,0
1923,Cyberabad,62.1,0.499194847,Crime Against Women,Dowry Death,31,2018,-0.194
1924,Hyderabad,39.53,0.430053124,Crime Against Women,Dowry Death,17,2018,0.294
1925,Karimnagar,10.15,0.689655172,Crime Against Women,Dowry Death,7,2018,0.143
1926,Khammam,14.11,0.283486889,Crime Against Women,Dowry Death,4,2018,0.25
1927,Nizamabad,15.87,0.56710775,Crime Against Women,Dowry Death,9,2018,0
1928,Rachakonda,43.71,0.503317319,Crime Against Women,Dowry Death,22,2018,-0.591
1929,Ramagundam,16.12,0.620347395,Crime Against Women,Dowry Death,10,2018,0
1930,Siddipet,10.22,0.391389432,Crime Against Women,Dowry Death,4,2018,1.25
1931,Warangal,23.75,0.547368421,Crime Against Women,Dowry Death,13,2018,-0.154
1932,Adilabad,7.53,0.26560425,Crime Against Women,Dowry Death,2,2018,-0.5
1933,Bhadradri Kothagudem,11.12,0.449640288,Crime Against Women,Dowry Death,5,2018,0
1934,Jagtial,9.95,0.703517588,Crime Against Women,Dowry Death,7,2018,-0.429
1935,Jayashankar Bhupalpally,4.26,1.17370892,Crime Against Women,Dowry Death,5,2018,-1
1936,Jogulamba Gadwal,6.19,0.161550889,Crime Against Women,Dowry Death,1,2018,0
1937,Kamareddy,10.04,0.398406375,Crime Against Women,Dowry Death,4,2018,-0.75
1938,Kumaram Bheem Asifabad,5.25,0.571428571,Crime Against Women,Dowry Death,3,2018,0.333
1939,Mahabubabad,7.84,0.637755102,Crime Against Women,Dowry Death,5,2018,0.2
1940,Mahabubnagar,9.29,0.430570506,Crime Against Women,Dowry Death,4,2018,-0.5
1941,Medak,7.88,0.507614213,Crime Against Women,Dowry Death,4,2018,0.75
1942,Mulugu,2.93,0,Crime Against Women,Dowry Death,0,2018,0
1943,Nagarkurnool,8.71,0.229621125,Crime Against Women,Dowry Death,2,2018,0
1944,Nalgonda,16.52,0.302663438,Crime Against Women,Dowry Death,5,2018,0.2
1945,Narayanpet,5.76,0,Crime Against Women,Dowry Death,0,2018,0
1946,Nirmal,7.19,0.139082058,Crime Against Women,Dowry Death,1,2018,-1
1947,Rajanna Sircilla,5.62,0.533807829,Crime Against Women,Dowry Death,3,2018,-0.333
1948,Sanga Reddy,15.37,0.390370852,Crime Against Women,Dowry Death,6,2018,-0.5
1949,Suryapet,11.09,0.360685302,Crime Against Women,Dowry Death,4,2018,-0.75
1950,Vikarabad,9.37,0.747065101,Crime Against Women,Dowry Death,7,2018,-0.571
1951,Wanaparthy,5.87,0.170357751,Crime Against Women,Dowry Death,1,2018,-1
1952,RP Secunderabad,,#DIV/0!,Crime Against Women,Dowry Death,0,2018,0
1953,CID,,#DIV/0!,Crime Against Women,Dowry Death,0,2018,0
1954,Cyberabad,62.1,0.40257649,Crime Against Women,Dowry Death,25,2019,-0.194
1955,Hyderabad,39.53,0.556539337,Crime Against Women,Dowry Death,22,2019,0.294
1956,Karimnagar,10.15,0.78817734,Crime Against Women,Dowry Death,8,2019,0.143
1957,Khammam,14.11,0.354358611,Crime Against Women,Dowry Death,5,2019,0.25
1958,Nizamabad,15.87,0.56710775,Crime Against Women,Dowry Death,9,2019,0
1959,Rachakonda,43.71,0.205902539,Crime Against Women,Dowry Death,9,2019,-0.591
1960,Ramagundam,16.12,0.620347395,Crime Against Women,Dowry Death,10,2019,0
1961,Siddipet,10.22,0.880626223,Crime Against Women,Dowry Death,9,2019,1.25
1962,Warangal,23.75,0.463157895,Crime Against Women,Dowry Death,11,2019,-0.154
1963,Adilabad,7.53,0.132802125,Crime Against Women,Dowry Death,1,2019,-0.5
1964,Bhadradri Kothagudem,11.12,0.449640288,Crime Against Women,Dowry Death,5,2019,0
1965,Jagtial,9.95,0.40201005,Crime Against Women,Dowry Death,4,2019,-0.429
1966,Jayashankar Bhupalpally,4.26,0,Crime Against Women,Dowry Death,0,2019,-1
1967,Jogulamba Gadwal,6.19,0.161550889,Crime Against Women,Dowry Death,1,2019,0
1968,Kamareddy,10.04,0.099601594,Crime Against Women,Dowry Death,1,2019,-0.75
1969,Kumaram Bheem Asifabad,5.25,0.761904762,Crime Against Women,Dowry Death,4,2019,0.333
1970,Mahabubabad,7.84,0.765306122,Crime Against Women,Dowry Death,6,2019,0.2
1971,Mahabubnagar,9.29,0.215285253,Crime Against Women,Dowry Death,2,2019,-0.5
1972,Medak,7.88,0.888324873,Crime Against Women,Dowry Death,7,2019,0.75
1973,Mulugu,2.93,0.682593857,Crime Against Women,Dowry Death,2,2019,0
1974,Nagarkurnool,8.71,0.229621125,Crime Against Women,Dowry Death,2,2019,0
1975,Nalgonda,16.52,0.363196126,Crime Against Women,Dowry Death,6,2019,0.2
1976,Narayanpet,5.76,0.173611111,Crime Against Women,Dowry Death,1,2019,0
1977,Nirmal,7.19,0,Crime Against Women,Dowry Death,0,2019,-1
1978,Rajanna Sircilla,5.62,0.355871886,Crime Against Women,Dowry Death,2,2019,-0.333
1979,Sanga Reddy,15.37,0.195185426,Crime Against Women,Dowry Death,3,2019,-0.5
1980,Suryapet,11.09,0.090171326,Crime Against Women,Dowry Death,1,2019,-0.75
1981,Vikarabad,9.37,0.320170758,Crime Against Women,Dowry Death,3,2019,-0.571
1982,Wanaparthy,5.87,0,Crime Against Women,Dowry Death,0,2019,-1
1983,RP Secunderabad,,#DIV/0!,Crime Against Women,Dowry Death,0,2019,0
1984,CID,,#DIV/0!,Crime Against Women,Dowry Death,0,2019,0
1985,Cyberabad,62.1,12.96296296,Crime Against Women,Harassment,805,2018,0.56
1986,Hyderabad,39.53,28.23172274,Crime Against Women,Harassment,1116,2018,0.31
1987,Karimnagar,10.15,32.4137931,Crime Against Women,Harassment,329,2018,-0.179
1988,Khammam,14.11,12.75690999,Crime Against Women,Harassment,180,2018,0.75
1989,Nizamabad,15.87,17.20226843,Crime Against Women,Harassment,273,2018,0.183
1990,Rachakonda,43.71,15.9917639,Crime Against Women,Harassment,699,2018,0.545
1991,Ramagundam,16.12,19.85111663,Crime Against Women,Harassment,320,2018,0.431
1992,Siddipet,10.22,20.54794521,Crime Against Women,Harassment,210,2018,0.119
1993,Warangal,23.75,11.32631579,Crime Against Women,Harassment,269,2018,0.725
1994,Adilabad,7.53,16.99867198,Crime Against Women,Harassment,128,2018,-0.164
1995,Bhadradri Kothagudem,11.12,8.183453237,Crime Against Women,Harassment,91,2018,2.044
1996,jagtial,9.95,10.85427136,Crime Against Women,Harassment,108,2018,0.472
1997,Jayashankar Bhupalpally,4.26,17.6056338,Crime Against Women,Harassment,75,2018,-0.44
1998,Jogulamba Gadwal,6.19,3.877221325,Crime Against Women,Harassment,24,2018,0
1999,Kamareddy,10.04,12.74900398,Crime Against Women,Harassment,128,2018,0.328
2000,Kumaram Bheem Asifabad,5.25,7.619047619,Crime Against Women,Harassment,40,2018,1.225
2001,Mahabubabad,7.84,10.58673469,Crime Against Women,Harassment,83,2018,0.434
2002,Mahabubnagar,9.29,11.08719053,Crime Against Women,Harassment,103,2018,-0.243
2003,Medak,7.88,15.60913706,Crime Against Women,Harassment,123,2018,0.057
2004,Mulugu,2.93,0,Crime Against Women,Harassment,0,2018,0
2005,Nagarkurnool,8.71,8.610792193,Crime Against Women,Harassment,75,2018,-0.027
2006,Nalgonda,16.52,15.43583535,Crime Against Women,Harassment,255,2018,0.067
2007,Narayanpet,5.76,0,Crime Against Women,Harassment,0,2018,0
2008,Nirmal,7.19,6.675938804,Crime Against Women,Harassment,48,2018,0.771
2009,Rajanna Sircilla,5.62,11.03202847,Crime Against Women,Harassment,62,2018,1.161
2010,Sanga Reddy,15.37,8.848405986,Crime Against Women,Harassment,136,2018,0.279
2011,Suryapet,11.09,16.14066727,Crime Against Women,Harassment,179,2018,0.57
2012,Vikarabad,9.37,9.605122732,Crime Against Women,Harassment,90,2018,0.478
2013,Wanaparthy,5.87,6.6439523,Crime Against Women,Harassment,39,2018,0.513
2014,RP Secunderabad,,#DIV/0!,Crime Against Women,Harassment,0,2018,0
2015,CID,,#DIV/0!,Crime Against Women,Harassment,1,2018,-1
2016,Cyberabad,62.1,20.22544283,Crime Against Women,Harassment,1256,2019,0.56
2017,Hyderabad,39.53,36.98456868,Crime Against Women,Harassment,1462,2019,0.31
2018,Karimnagar,10.15,26.60098522,Crime Against Women,Harassment,270,2019,-0.179
2019,Khammam,14.11,22.32459249,Crime Against Women,Harassment,315,2019,0.75
2020,Nizamabad,15.87,20.35286704,Crime Against Women,Harassment,323,2019,0.183
2021,Rachakonda,43.71,24.70830474,Crime Against Women,Harassment,1080,2019,0.545
2022,Ramagundam,16.12,28.41191067,Crime Against Women,Harassment,458,2019,0.431
2023,Siddipet,10.22,22.99412916,Crime Against Women,Harassment,235,2019,0.119
2024,Warangal,23.75,19.53684211,Crime Against Women,Harassment,464,2019,0.725
2025,Adilabad,7.53,14.20982736,Crime Against Women,Harassment,107,2019,-0.164
2026,Bhadradri Kothagudem,11.12,24.91007194,Crime Against Women,Harassment,277,2019,2.044
2027,jagtial,9.95,15.9798995,Crime Against Women,Harassment,159,2019,0.472
2028,Jayashankar Bhupalpally,4.26,9.85915493,Crime Against Women,Harassment,42,2019,-0.44
2029,Jogulamba Gadwal,6.19,3.877221325,Crime Against Women,Harassment,24,2019,0
2030,Kamareddy,10.04,16.93227092,Crime Against Women,Harassment,170,2019,0.328
2031,Kumaram Bheem Asifabad,5.25,16.95238095,Crime Against Women,Harassment,89,2019,1.225
2032,Mahabubabad,7.84,15.17857143,Crime Against Women,Harassment,119,2019,0.434
2033,Mahabubnagar,9.29,8.396124865,Crime Against Women,Harassment,78,2019,-0.243
2034,Medak,7.88,16.49746193,Crime Against Women,Harassment,130,2019,0.057
2035,Mulugu,2.93,10.58020478,Crime Against Women,Harassment,31,2019,0
2036,Nagarkurnool,8.71,8.381171068,Crime Against Women,Harassment,73,2019,-0.027
2037,Nalgonda,16.52,16.46489104,Crime Against Women,Harassment,272,2019,0.067
2038,Narayanpet,5.76,6.423611111,Crime Against Women,Harassment,37,2019,0
2039,Nirmal,7.19,11.82197497,Crime Against Women,Harassment,85,2019,0.771
2040,Rajanna Sircilla,5.62,23.84341637,Crime Against Women,Harassment,134,2019,1.161
2041,Sanga Reddy,15.37,11.32075472,Crime Against Women,Harassment,174,2019,0.279
2042,Suryapet,11.09,25.33814247,Crime Against Women,Harassment,281,2019,0.57
2043,Vikarabad,9.37,14.19423693,Crime Against Women,Harassment,133,2019,0.478
2044,Wanaparthy,5.87,10.05110733,Crime Against Women,Harassment,59,2019,0.513
2045,RP Secunderabad,,#DIV/0!,Crime Against Women,Harassment,0,2019,0
2046,CID,,#DIV/0!,Crime Against Women,Harassment,0,2019,-1
2047,Cyberabad,62.1,3.05958132,Crime Against Women,Kidnapping,190,2018,-0.295
2048,Hyderabad,39.53,2.327346319,Crime Against Women,Kidnapping,92,2018,0.402
2049,Karimnagar,10.15,1.083743842,Crime Against Women,Kidnapping,11,2018,0
2050,Khammam,14.11,2.197023388,Crime Against Women,Kidnapping,31,2018,-0.161
2051,Nizamabad,15.87,1.071203529,Crime Against Women,Kidnapping,17,2018,0.059
2052,Rachakonda,43.71,1.143902997,Crime Against Women,Kidnapping,50,2018,0.12
2053,Ramagundam,16.12,0.930521092,Crime Against Women,Kidnapping,15,2018,1.333
2054,Siddipet,10.22,1.174168297,Crime Against Women,Kidnapping,12,2018,0.333
2055,Warangal,23.75,2.736842105,Crime Against Women,Kidnapping,65,2018,-0.4
2056,Adilabad,7.53,2.390438247,Crime Against Women,Kidnapping,18,2018,-0.111
2057,Bhadradri Kothagudem,11.12,3.507194245,Crime Against Women,Kidnapping,39,2018,0
2058,jagtial,9.95,1.005025126,Crime Against Women,Kidnapping,10,2018,0.8
2059,Jayashankar Bhupalpally,4.26,6.572769953,Crime Against Women,Kidnapping,28,2018,-0.321
2060,Jogulamba Gadwal,6.19,1.615508885,Crime Against Women,Kidnapping,10,2018,-0.5
2061,Kamareddy,10.04,1.593625498,Crime Against Women,Kidnapping,16,2018,-0.75
2062,Kumaram Bheem Asifabad,5.25,0.571428571,Crime Against Women,Kidnapping,3,2018,1.333
2063,Mahabubabad,7.84,5.484693878,Crime Against Women,Kidnapping,43,2018,-0.419
2064,Mahabubnagar,9.29,4.951560818,Crime Against Women,Kidnapping,46,2018,-0.348
2065,Medak,7.88,2.411167513,Crime Against Women,Kidnapping,19,2018,0.105
2066,Mulugu,2.93,0,Crime Against Women,Kidnapping,0,2018,0
2067,Nagarkurnool,8.71,1.951779564,Crime Against Women,Kidnapping,17,2018,-0.176
2068,Nalgonda,16.52,0.968523002,Crime Against Women,Kidnapping,16,2018,0.688
2069,Narayanpet,5.76,0,Crime Against Women,Kidnapping,0,2018,0
2070,Nirmal,7.19,0.278164117,Crime Against Women,Kidnapping,2,2018,4
2071,Rajanna Sircilla,5.62,0.889679715,Crime Against Women,Kidnapping,5,2018,-0.6
2072,Sanga Reddy,15.37,1.236174366,Crime Against Women,Kidnapping,19,2018,0.053
2073,Suryapet,11.09,2.073940487,Crime Against Women,Kidnapping,23,2018,-0.217
2074,Vikarabad,9.37,1.280683031,Crime Against Women,Kidnapping,12,2018,0.75
2075,Wanaparthy,5.87,1.192504259,Crime Against Women,Kidnapping,7,2018,-0.143
2076,RP Secunderabad,,#DIV/0!,Crime Against Women,Kidnapping,0,2018,0
2077,CID,,#DIV/0!,Crime Against Women,Kidnapping,1,2018,-1
2078,Cyberabad,62.1,2.157809984,Crime Against Women,Kidnapping,134,2019,-0.295
2079,Hyderabad,39.53,3.263344295,Crime Against Women,Kidnapping,129,2019,0.402
2080,Karimnagar,10.15,1.083743842,Crime Against Women,Kidnapping,11,2019,0
2081,Khammam,14.11,1.842664777,Crime Against Women,Kidnapping,26,2019,-0.161
2082,Nizamabad,15.87,1.134215501,Crime Against Women,Kidnapping,18,2019,0.059
2083,Rachakonda,43.71,1.281171357,Crime Against Women,Kidnapping,56,2019,0.12
2084,Ramagundam,16.12,2.171215881,Crime Against Women,Kidnapping,35,2019,1.333
2085,Siddipet,10.22,1.56555773,Crime Against Women,Kidnapping,16,2019,0.333
2086,Warangal,23.75,1.642105263,Crime Against Women,Kidnapping,39,2019,-0.4
2087,Adilabad,7.53,2.124833997,Crime Against Women,Kidnapping,16,2019,-0.111
2088,Bhadradri Kothagudem,11.12,3.507194245,Crime Against Women,Kidnapping,39,2019,0
2089,jagtial,9.95,1.809045226,Crime Against Women,Kidnapping,18,2019,0.8
2090,Jayashankar Bhupalpally,4.26,4.460093897,Crime Against Women,Kidnapping,19,2019,-0.321
2091,Jogulamba Gadwal,6.19,0.807754443,Crime Against Women,Kidnapping,5,2019,-0.5
2092,Kamareddy,10.04,0.398406375,Crime Against Women,Kidnapping,4,2019,-0.75
2093,Kumaram Bheem Asifabad,5.25,1.333333333,Crime Against Women,Kidnapping,7,2019,1.333
2094,Mahabubabad,7.84,3.18877551,Crime Against Women,Kidnapping,25,2019,-0.419
2095,Mahabubnagar,9.29,3.229278794,Crime Against Women,Kidnapping,30,2019,-0.348
2096,Medak,7.88,2.664974619,Crime Against Women,Kidnapping,21,2019,0.105
2097,Mulugu,2.93,1.706484642,Crime Against Women,Kidnapping,5,2019,0
2098,Nagarkurnool,8.71,1.607347876,Crime Against Women,Kidnapping,14,2019,-0.176
2099,Nalgonda,16.52,1.634382567,Crime Against Women,Kidnapping,27,2019,0.688
2100,Narayanpet,5.76,3.993055556,Crime Against Women,Kidnapping,23,2019,0
2101,Nirmal,7.19,1.390820584,Crime Against Women,Kidnapping,10,2019,4
2102,Rajanna Sircilla,5.62,0.355871886,Crime Against Women,Kidnapping,2,2019,-0.6
2103,Sanga Reddy,15.37,1.301236174,Crime Against Women,Kidnapping,20,2019,0.053
2104,Suryapet,11.09,1.623083859,Crime Against Women,Kidnapping,18,2019,-0.217
2105,Vikarabad,9.37,2.241195304,Crime Against Women,Kidnapping,21,2019,0.75
2106,Wanaparthy,5.87,1.022146508,Crime Against Women,Kidnapping,6,2019,-0.143
2107,RP Secunderabad,,#DIV/0!,Crime Against Women,Kidnapping,1,2019,0
2108,CID,,#DIV/0!,Crime Against Women,Kidnapping,0,2019,-1
2109,Cyberabad,62.1,4.025764895,Crime Against Women,Rape,250,2018,0.136
2110,Hyderabad,39.53,6.32431065,Crime Against Women,Rape,250,2018,0.144
2111,Karimnagar,10.15,3.448275862,Crime Against Women,Rape,35,2018,-0.286
2112,Khammam,14.11,4.110559887,Crime Against Women,Rape,58,2018,0.276
2113,Nizamabad,15.87,1.701323251,Crime Against Women,Rape,27,2018,1.259
2114,Rachakonda,43.71,6.543125143,Crime Against Women,Rape,286,2018,0.063
2115,Ramagundam,16.12,3.41191067,Crime Against Women,Rape,55,2018,0.291
2116,Siddipet,10.22,3.326810176,Crime Against Women,Rape,34,2018,0.588
2117,Warangal,23.75,2.147368421,Crime Against Women,Rape,51,2018,0.451
2118,Adilabad,7.53,3.585657371,Crime Against Women,Rape,27,2018,0.185
2119,Bhadradri Kothagudem,11.12,4.856115108,Crime Against Women,Rape,54,2018,0.278
2120,jagtial,9.95,3.417085427,Crime Against Women,Rape,34,2018,-0.147
2121,Jayashankar Bhupalpally,4.26,5.399061033,Crime Against Women,Rape,23,2018,-0.609
2122,Jogulamba Gadwal,6.19,3.231017771,Crime Against Women,Rape,20,2018,0.5
2123,Kamareddy,10.04,1.992031873,Crime Against Women,Rape,20,2018,0.2
2124,Kumaram Bheem Asifabad,5.25,4.571428571,Crime Against Women,Rape,24,2018,0.167
2125,Mahabubabad,7.84,2.806122449,Crime Against Women,Rape,22,2018,0.773
2126,Mahabubnagar,9.29,11.84068891,Crime Against Women,Rape,110,2018,-0.191
2127,Medak,7.88,4.187817259,Crime Against Women,Rape,33,2018,0.03
2128,Mulugu,2.93,0,Crime Against Women,Rape,0,2018,0
2129,Nagarkurnool,8.71,4.01836969,Crime Against Women,Rape,35,2018,-0.314
2130,Nalgonda,16.52,3.147699758,Crime Against Women,Rape,52,2018,0.5
2131,Narayanpet,5.76,0,Crime Against Women,Rape,0,2018,0
2132,Nirmal,7.19,3.755215577,Crime Against Women,Rape,27,2018,-0.333
2133,Rajanna Sircilla,5.62,2.135231317,Crime Against Women,Rape,12,2018,0.667
2134,Sanga Reddy,15.37,2.602472349,Crime Against Women,Rape,40,2018,0.3
2135,Suryapet,11.09,5.22993688,Crime Against Women,Rape,58,2018,0.224
2136,Vikarabad,9.37,2.134471718,Crime Against Women,Rape,20,2018,1.55
2137,Wanaparthy,5.87,6.132879046,Crime Against Women,Rape,36,2018,-0.222
2138,RP Secunderabad,,#DIV/0!,Crime Against Women,Rape,1,2018,0
2139,CID,,#DIV/0!,Crime Against Women,Rape,0,2018,0
2140,Cyberabad,62.1,4.573268921,Crime Against Women,Rape,284,2019,0.136
2141,Hyderabad,39.53,7.235011384,Crime Against Women,Rape,286,2019,0.144
2142,Karimnagar,10.15,2.463054187,Crime Against Women,Rape,25,2019,-0.286
2143,Khammam,14.11,5.244507442,Crime Against Women,Rape,74,2019,0.276
2144,Nizamabad,15.87,3.843730309,Crime Against Women,Rape,61,2019,1.259
2145,Rachakonda,43.71,6.954930222,Crime Against Women,Rape,304,2019,0.063
2146,Ramagundam,16.12,4.404466501,Crime Against Women,Rape,71,2019,0.291
2147,Siddipet,10.22,5.283757339,Crime Against Women,Rape,54,2019,0.588
2148,Warangal,23.75,3.115789474,Crime Against Women,Rape,74,2019,0.451
2149,Adilabad,7.53,4.249667995,Crime Against Women,Rape,32,2019,0.185
2150,Bhadradri Kothagudem,11.12,6.205035971,Crime Against Women,Rape,69,2019,0.278
2151,jagtial,9.95,2.914572864,Crime Against Women,Rape,29,2019,-0.147
2152,Jayashankar Bhupalpally,4.26,2.112676056,Crime Against Women,Rape,9,2019,-0.609
2153,Jogulamba Gadwal,6.19,4.846526656,Crime Against Women,Rape,30,2019,0.5
2154,Kamareddy,10.04,2.390438247,Crime Against Women,Rape,24,2019,0.2
2155,Kumaram Bheem Asifabad,5.25,5.333333333,Crime Against Women,Rape,28,2019,0.167
2156,Mahabubabad,7.84,4.974489796,Crime Against Women,Rape,39,2019,0.773
2157,Mahabubnagar,9.29,9.580193757,Crime Against Women,Rape,89,2019,-0.191
2158,Medak,7.88,4.314720812,Crime Against Women,Rape,34,2019,0.03
2159,Mulugu,2.93,2.389078498,Crime Against Women,Rape,7,2019,0
2160,Nagarkurnool,8.71,2.755453502,Crime Against Women,Rape,24,2019,-0.314
2161,Nalgonda,16.52,4.721549637,Crime Against Women,Rape,78,2019,0.5
2162,Narayanpet,5.76,5.729166667,Crime Against Women,Rape,33,2019,0
2163,Nirmal,7.19,2.503477051,Crime Against Women,Rape,18,2019,-0.333
2164,Rajanna Sircilla,5.62,3.558718861,Crime Against Women,Rape,20,2019,0.667
2165,Sanga Reddy,15.37,3.383214053,Crime Against Women,Rape,52,2019,0.3
2166,Suryapet,11.09,6.402164112,Crime Against Women,Rape,71,2019,0.224
2167,Vikarabad,9.37,5.442902882,Crime Against Women,Rape,51,2019,1.55
2168,Wanaparthy,5.87,4.770017036,Crime Against Women,Rape,28,2019,-0.222
2169,RP Secunderabad,,#DIV/0!,Crime Against Women,Rape,1,2019,0
2170,CID,,#DIV/0!,Crime Against Women,Rape,0,2019,0
2171,Cyberabad,62.1,0,Crime Aginst SC_ST,Arson,0,2018,0
2172,Hyderabad,39.53,0,Crime Aginst SC_ST,Arson,0,2018,0
2173,Karimnagar,10.15,0,Crime Aginst SC_ST,Arson,0,2018,0
2174,Khammam,14.11,0,Crime Aginst SC_ST,Arson,0,2018,0
2175,Nizamabad,15.87,0,Crime Aginst SC_ST,Arson,0,2018,0
2176,Rachakonda,43.71,0,Crime Aginst SC_ST,Arson,0,2018,0
2177,Ramagundam,16.12,0,Crime Aginst SC_ST,Arson,0,2018,0
2178,Siddipet,10.22,0,Crime Aginst SC_ST,Arson,0,2018,0
2179,Warangal,23.75,0.042105263,Crime Aginst SC_ST,Arson,1,2018,-1
2180,Adilabad,7.53,0,Crime Aginst SC_ST,Arson,0,2018,0
2181,Bhadradri Kothagudem,11.12,0,Crime Aginst SC_ST,Arson,0,2018,0
2182,jagtial,9.95,0,Crime Aginst SC_ST,Arson,0,2018,0
2183,Jayashankar Bhupalpally,4.26,0,Crime Aginst SC_ST,Arson,0,2018,0
2184,Jogulamba Gadwal,6.19,0,Crime Aginst SC_ST,Arson,0,2018,0
2185,Kamareddy,10.04,0,Crime Aginst SC_ST,Arson,0,2018,0
2186,Kumaram Bheem Asifabad,5.25,0,Crime Aginst SC_ST,Arson,0,2018,0
2187,Mahabubabad,7.84,0,Crime Aginst SC_ST,Arson,0,2018,0
2188,Mahabubnagar,9.29,0,Crime Aginst SC_ST,Arson,0,2018,0
2189,Medak,7.88,0,Crime Aginst SC_ST,Arson,0,2018,0
2190,Mulugu,2.93,0,Crime Aginst SC_ST,Arson,0,2018,0
2191,Nagarkurnool,8.71,0,Crime Aginst SC_ST,Arson,0,2018,0
2192,Nalgonda,16.52,0,Crime Aginst SC_ST,Arson,0,2018,0
2193,Narayanpet,5.76,0,Crime Aginst SC_ST,Arson,0,2018,0
2194,Nirmal,7.19,0,Crime Aginst SC_ST,Arson,0,2018,0
2195,Rajanna Sircilla,5.62,0,Crime Aginst SC_ST,Arson,0,2018,0
2196,Sanga Reddy,15.37,0.065061809,Crime Aginst SC_ST,Arson,1,2018,-1
2197,Suryapet,11.09,0,Crime Aginst SC_ST,Arson,0,2018,0
2198,Vikarabad,9.37,0.53361793,Crime Aginst SC_ST,Arson,5,2018,-1
2199,Wanaparthy,5.87,0,Crime Aginst SC_ST,Arson,0,2018,0
2200,RP Secunderabad,,#DIV/0!,Crime Aginst SC_ST,Arson,0,2018,0
2201,CID,,#DIV/0!,Crime Aginst SC_ST,Arson,0,2018,0
2202,Cyberabad,62.1,0,Crime Aginst SC_ST,Arson,0,2019,0
2203,Hyderabad,39.53,0,Crime Aginst SC_ST,Arson,0,2019,0
2204,Karimnagar,10.15,0,Crime Aginst SC_ST,Arson,0,2019,0
2205,Khammam,14.11,0,Crime Aginst SC_ST,Arson,0,2019,0
2206,Nizamabad,15.87,0,Crime Aginst SC_ST,Arson,0,2019,0
2207,Rachakonda,43.71,0.04575612,Crime Aginst SC_ST,Arson,2,2019,0
2208,Ramagundam,16.12,0,Crime Aginst SC_ST,Arson,0,2019,0
2209,Siddipet,10.22,0,Crime Aginst SC_ST,Arson,0,2019,0
2210,Warangal,23.75,0,Crime Aginst SC_ST,Arson,0,2019,-1
2211,Adilabad,7.53,0.132802125,Crime Aginst SC_ST,Arson,1,2019,0
2212,Bhadradri Kothagudem,11.12,0,Crime Aginst SC_ST,Arson,0,2019,0
2213,jagtial,9.95,0,Crime Aginst SC_ST,Arson,0,2019,0
2214,Jayashankar Bhupalpally,4.26,0,Crime Aginst SC_ST,Arson,0,2019,0
2215,Jogulamba Gadwal,6.19,0,Crime Aginst SC_ST,Arson,0,2019,0
2216,Kamareddy,10.04,0,Crime Aginst SC_ST,Arson,0,2019,0
2217,Kumaram Bheem Asifabad,5.25,0,Crime Aginst SC_ST,Arson,0,2019,0
2218,Mahabubabad,7.84,0,Crime Aginst SC_ST,Arson,0,2019,0
2219,Mahabubnagar,9.29,0,Crime Aginst SC_ST,Arson,0,2019,0
2220,Medak,7.88,0,Crime Aginst SC_ST,Arson,0,2019,0
2221,Mulugu,2.93,0,Crime Aginst SC_ST,Arson,0,2019,0
2222,Nagarkurnool,8.71,0,Crime Aginst SC_ST,Arson,0,2019,0
2223,Nalgonda,16.52,0,Crime Aginst SC_ST,Arson,0,2019,0
2224,Narayanpet,5.76,0,Crime Aginst SC_ST,Arson,0,2019,0
2225,Nirmal,7.19,0,Crime Aginst SC_ST,Arson,0,2019,0
2226,Rajanna Sircilla,5.62,0,Crime Aginst SC_ST,Arson,0,2019,0
2227,Sanga Reddy,15.37,0,Crime Aginst SC_ST,Arson,0,2019,-1
2228,Suryapet,11.09,0,Crime Aginst SC_ST,Arson,0,2019,0
2229,Vikarabad,9.37,0,Crime Aginst SC_ST,Arson,0,2019,-1
2230,Wanaparthy,5.87,0,Crime Aginst SC_ST,Arson,0,2019,0
2231,RP Secunderabad,,#DIV/0!,Crime Aginst SC_ST,Arson,0,2019,0
2232,CID,,#DIV/0!,Crime Aginst SC_ST,Arson,0,2019,0
2233,Cyberabad,62.1,0.338164251,Crime Aginst SC_ST,Hurt,21,2018,-0.476
2234,Hyderabad,39.53,0.075891728,Crime Aginst SC_ST,Hurt,3,2018,0
2235,Karimnagar,10.15,0.689655172,Crime Aginst SC_ST,Hurt,7,2018,-0.429
2236,Khammam,14.11,0,Crime Aginst SC_ST,Hurt,0,2018,0
2237,Nizamabad,15.87,0.378071834,Crime Aginst SC_ST,Hurt,6,2018,1.667
2238,Rachakonda,43.71,0.366048959,Crime Aginst SC_ST,Hurt,16,2018,0.375
2239,Ramagundam,16.12,0.496277916,Crime Aginst SC_ST,Hurt,8,2018,1.875
2240,Siddipet,10.22,1.663405088,Crime Aginst SC_ST,Hurt,17,2018,-0.353
2241,Warangal,23.75,0.252631579,Crime Aginst SC_ST,Hurt,6,2018,0.167
2242,Adilabad,7.53,0,Crime Aginst SC_ST,Hurt,0,2018,0
2243,Bhadradri Kothagudem,11.12,0.269784173,Crime Aginst SC_ST,Hurt,3,2018,2.333
2244,jagtial,9.95,1.206030151,Crime Aginst SC_ST,Hurt,12,2018,0
2245,Jayashankar Bhupalpally,4.26,2.582159624,Crime Aginst SC_ST,Hurt,11,2018,-0.182
2246,Jogulamba Gadwal,6.19,0.807754443,Crime Aginst SC_ST,Hurt,5,2018,-0.4
2247,Kamareddy,10.04,0.298804781,Crime Aginst SC_ST,Hurt,3,2018,1
2248,Kumaram Bheem Asifabad,5.25,0.952380952,Crime Aginst SC_ST,Hurt,5,2018,0.2
2249,Mahabubabad,7.84,0.765306122,Crime Aginst SC_ST,Hurt,6,2018,0
2250,Mahabubnagar,9.29,1.722282024,Crime Aginst SC_ST,Hurt,16,2018,-0.375
2251,Medak,7.88,0.76142132,Crime Aginst SC_ST,Hurt,6,2018,0
2252,Mulugu,2.93,0,Crime Aginst SC_ST,Hurt,0,2018,0
2253,Nagarkurnool,8.71,1.607347876,Crime Aginst SC_ST,Hurt,14,2018,-0.429
2254,Nalgonda,16.52,0.605326877,Crime Aginst SC_ST,Hurt,10,2018,0.3
2255,Narayanpet,5.76,0,Crime Aginst SC_ST,Hurt,0,2018,0
2256,Nirmal,7.19,0.556328234,Crime Aginst SC_ST,Hurt,4,2018,0.25
2257,Rajanna Sircilla,5.62,0.533807829,Crime Aginst SC_ST,Hurt,3,2018,1.333
2258,Sanga Reddy,15.37,0.260247235,Crime Aginst SC_ST,Hurt,4,2018,2
2259,Suryapet,11.09,0.81154193,Crime Aginst SC_ST,Hurt,9,2018,1
2260,Vikarabad,9.37,1.494130203,Crime Aginst SC_ST,Hurt,14,2018,0
2261,Wanaparthy,5.87,1.192504259,Crime Aginst SC_ST,Hurt,7,2018,-0.143
2262,RP Secunderabad,,#DIV/0!,Crime Aginst SC_ST,Hurt,0,2018,0
2263,CID,,#DIV/0!,Crime Aginst SC_ST,Hurt,0,2018,0
2264,Cyberabad,62.1,0.177133655,Crime Aginst SC_ST,Hurt,11,2019,-0.476
2265,Hyderabad,39.53,0.075891728,Crime Aginst SC_ST,Hurt,3,2019,0
2266,Karimnagar,10.15,0.39408867,Crime Aginst SC_ST,Hurt,4,2019,-0.429
2267,Khammam,14.11,0.921332388,Crime Aginst SC_ST,Hurt,13,2019,0
2268,Nizamabad,15.87,1.008191556,Crime Aginst SC_ST,Hurt,16,2019,1.667
2269,Rachakonda,43.71,0.503317319,Crime Aginst SC_ST,Hurt,22,2019,0.375
2270,Ramagundam,16.12,1.426799007,Crime Aginst SC_ST,Hurt,23,2019,1.875
2271,Siddipet,10.22,1.076320939,Crime Aginst SC_ST,Hurt,11,2019,-0.353
2272,Warangal,23.75,0.294736842,Crime Aginst SC_ST,Hurt,7,2019,0.167
2273,Adilabad,7.53,0.26560425,Crime Aginst SC_ST,Hurt,2,2019,0
2274,Bhadradri Kothagudem,11.12,0.899280576,Crime Aginst SC_ST,Hurt,10,2019,2.333
2275,jagtial,9.95,1.206030151,Crime Aginst SC_ST,Hurt,12,2019,0
2276,Jayashankar Bhupalpally,4.26,2.112676056,Crime Aginst SC_ST,Hurt,9,2019,-0.182
2277,Jogulamba Gadwal,6.19,0.484652666,Crime Aginst SC_ST,Hurt,3,2019,-0.4
2278,Kamareddy,10.04,0.597609562,Crime Aginst SC_ST,Hurt,6,2019,1
2279,Kumaram Bheem Asifabad,5.25,1.142857143,Crime Aginst SC_ST,Hurt,6,2019,0.2
2280,Mahabubabad,7.84,0.765306122,Crime Aginst SC_ST,Hurt,6,2019,0
2281,Mahabubnagar,9.29,1.076426265,Crime Aginst SC_ST,Hurt,10,2019,-0.375
2282,Medak,7.88,0.76142132,Crime Aginst SC_ST,Hurt,6,2019,0
2283,Mulugu,2.93,0,Crime Aginst SC_ST,Hurt,0,2019,0
2284,Nagarkurnool,8.71,0.918484501,Crime Aginst SC_ST,Hurt,8,2019,-0.429
2285,Nalgonda,16.52,0.786924939,Crime Aginst SC_ST,Hurt,13,2019,0.3
2286,Narayanpet,5.76,0.173611111,Crime Aginst SC_ST,Hurt,1,2019,0
2287,Nirmal,7.19,0.695410292,Crime Aginst SC_ST,Hurt,5,2019,0.25
2288,Rajanna Sircilla,5.62,1.245551601,Crime Aginst SC_ST,Hurt,7,2019,1.333
2289,Sanga Reddy,15.37,0.780741705,Crime Aginst SC_ST,Hurt,12,2019,2
2290,Suryapet,11.09,1.623083859,Crime Aginst SC_ST,Hurt,18,2019,1
2291,Vikarabad,9.37,1.494130203,Crime Aginst SC_ST,Hurt,14,2019,0
2292,Wanaparthy,5.87,1.022146508,Crime Aginst SC_ST,Hurt,6,2019,-0.143
2293,RP Secunderabad,,#DIV/0!,Crime Aginst SC_ST,Hurt,0,2019,0
2294,CID,,#DIV/0!,Crime Aginst SC_ST,Hurt,0,2019,0
2295,Cyberabad,62.1,0.096618357,Crime Aginst SC_ST,Murder,6,2018,0.167
2296,Hyderabad,39.53,0.050594485,Crime Aginst SC_ST,Murder,2,2018,-0.5
2297,Karimnagar,10.15,0.098522167,Crime Aginst SC_ST,Murder,1,2018,-1
2298,Khammam,14.11,0.070871722,Crime Aginst SC_ST,Murder,1,2018,-1
2299,Nizamabad,15.87,0.126023945,Crime Aginst SC_ST,Murder,2,2018,0
2300,Rachakonda,43.71,0.04575612,Crime Aginst SC_ST,Murder,2,2018,4
2301,Ramagundam,16.12,0,Crime Aginst SC_ST,Murder,0,2018,0
2302,Siddipet,10.22,0,Crime Aginst SC_ST,Murder,0,2018,0
2303,Warangal,23.75,0.042105263,Crime Aginst SC_ST,Murder,1,2018,0
2304,Adilabad,7.53,0.26560425,Crime Aginst SC_ST,Murder,2,2018,-1
2305,Bhadradri Kothagudem,11.12,0.089928058,Crime Aginst SC_ST,Murder,1,2018,0
2306,jagtial,9.95,0.100502513,Crime Aginst SC_ST,Murder,1,2018,0
2307,Jayashankar Bhupalpally,4.26,0,Crime Aginst SC_ST,Murder,0,2018,0
2308,Jogulamba Gadwal,6.19,0,Crime Aginst SC_ST,Murder,0,2018,0
2309,Kamareddy,10.04,0.199203187,Crime Aginst SC_ST,Murder,2,2018,1.5
2310,Kumaram Bheem Asifabad,5.25,0.19047619,Crime Aginst SC_ST,Murder,1,2018,2
2311,Mahabubabad,7.84,0.255102041,Crime Aginst SC_ST,Murder,2,2018,-0.5
2312,Mahabubnagar,9.29,0.215285253,Crime Aginst SC_ST,Murder,2,2018,-1
2313,Medak,7.88,0.126903553,Crime Aginst SC_ST,Murder,1,2018,-1
2314,Mulugu,2.93,0,Crime Aginst SC_ST,Murder,0,2018,0
2315,Nagarkurnool,8.71,0,Crime Aginst SC_ST,Murder,0,2018,0
2316,Nalgonda,16.52,0.181598063,Crime Aginst SC_ST,Murder,3,2018,1
2317,Narayanpet,5.76,0,Crime Aginst SC_ST,Murder,0,2018,0
2318,Nirmal,7.19,0.139082058,Crime Aginst SC_ST,Murder,1,2018,0
2319,Rajanna Sircilla,5.62,0.355871886,Crime Aginst SC_ST,Murder,2,2018,-0.5
2320,Sanga Reddy,15.37,0.260247235,Crime Aginst SC_ST,Murder,4,2018,-0.25
2321,Suryapet,11.09,0.090171326,Crime Aginst SC_ST,Murder,1,2018,3
2322,Vikarabad,9.37,0,Crime Aginst SC_ST,Murder,0,2018,0
2323,Wanaparthy,5.87,0,Crime Aginst SC_ST,Murder,0,2018,0
2324,RP Secunderabad,,#DIV/0!,Crime Aginst SC_ST,Murder,0,2018,0
2325,CID,,#DIV/0!,Crime Aginst SC_ST,Murder,0,2018,0
2326,Cyberabad,62.1,0.112721417,Crime Aginst SC_ST,Murder,7,2019,0.167
2327,Hyderabad,39.53,0.025297243,Crime Aginst SC_ST,Murder,1,2019,-0.5
2328,Karimnagar,10.15,0,Crime Aginst SC_ST,Murder,0,2019,-1
2329,Khammam,14.11,0,Crime Aginst SC_ST,Murder,0,2019,-1
2330,Nizamabad,15.87,0.126023945,Crime Aginst SC_ST,Murder,2,2019,0
2331,Rachakonda,43.71,0.228780599,Crime Aginst SC_ST,Murder,10,2019,4
2332,Ramagundam,16.12,0,Crime Aginst SC_ST,Murder,0,2019,0
2333,Siddipet,10.22,0,Crime Aginst SC_ST,Murder,0,2019,0
2334,Warangal,23.75,0.042105263,Crime Aginst SC_ST,Murder,1,2019,0
2335,Adilabad,7.53,0,Crime Aginst SC_ST,Murder,0,2019,-1
2336,Bhadradri Kothagudem,11.12,0.089928058,Crime Aginst SC_ST,Murder,1,2019,0
2337,jagtial,9.95,0.100502513,Crime Aginst SC_ST,Murder,1,2019,0
2338,Jayashankar Bhupalpally,4.26,0,Crime Aginst SC_ST,Murder,0,2019,0
2339,Jogulamba Gadwal,6.19,0.161550889,Crime Aginst SC_ST,Murder,1,2019,0
2340,Kamareddy,10.04,0.498007968,Crime Aginst SC_ST,Murder,5,2019,1.5
2341,Kumaram Bheem Asifabad,5.25,0.571428571,Crime Aginst SC_ST,Murder,3,2019,2
2342,Mahabubabad,7.84,0.12755102,Crime Aginst SC_ST,Murder,1,2019,-0.5
2343,Mahabubnagar,9.29,0,Crime Aginst SC_ST,Murder,0,2019,-1
2344,Medak,7.88,0,Crime Aginst SC_ST,Murder,0,2019,-1
2345,Mulugu,2.93,0.341296928,Crime Aginst SC_ST,Murder,1,2019,0
2346,Nagarkurnool,8.71,0.114810563,Crime Aginst SC_ST,Murder,1,2019,0
2347,Nalgonda,16.52,0.363196126,Crime Aginst SC_ST,Murder,6,2019,1
2348,Narayanpet,5.76,0.173611111,Crime Aginst SC_ST,Murder,1,2019,0
2349,Nirmal,7.19,0.139082058,Crime Aginst SC_ST,Murder,1,2019,0
2350,Rajanna Sircilla,5.62,0.177935943,Crime Aginst SC_ST,Murder,1,2019,-0.5
2351,Sanga Reddy,15.37,0.195185426,Crime Aginst SC_ST,Murder,3,2019,-0.25
2352,Suryapet,11.09,0.360685302,Crime Aginst SC_ST,Murder,4,2019,3
2353,Vikarabad,9.37,0,Crime Aginst SC_ST,Murder,0,2019,0
2354,Wanaparthy,5.87,0.170357751,Crime Aginst SC_ST,Murder,1,2019,0
2355,RP Secunderabad,,#DIV/0!,Crime Aginst SC_ST,Murder,0,2019,0
2356,CID,,#DIV/0!,Crime Aginst SC_ST,Murder,0,2019,0
2357,Cyberabad,62.1,0.434782609,Crime Aginst SC_ST,Rape,27,2018,0.185
2358,Hyderabad,39.53,0.68302555,Crime Aginst SC_ST,Rape,27,2018,0.148
2359,Karimnagar,10.15,0.591133005,Crime Aginst SC_ST,Rape,6,2018,0.667
2360,Khammam,14.11,0.708717222,Crime Aginst SC_ST,Rape,10,2018,-0.3
2361,Nizamabad,15.87,0.441083806,Crime Aginst SC_ST,Rape,7,2018,0.143
2362,Rachakonda,43.71,1.258293297,Crime Aginst SC_ST,Rape,55,2018,-0.236
2363,Ramagundam,16.12,0.868486352,Crime Aginst SC_ST,Rape,14,2018,-0.357
2364,Siddipet,10.22,0.097847358,Crime Aginst SC_ST,Rape,1,2018,3
2365,Warangal,23.75,0.294736842,Crime Aginst SC_ST,Rape,7,2018,0.429
2366,Adilabad,7.53,1.195219124,Crime Aginst SC_ST,Rape,9,2018,-0.556
2367,Bhadradri Kothagudem,11.12,0.809352518,Crime Aginst SC_ST,Rape,9,2018,0.444
2368,jagtial,9.95,0.40201005,Crime Aginst SC_ST,Rape,4,2018,-0.75
2369,Jayashankar Bhupalpally,4.26,0.469483568,Crime Aginst SC_ST,Rape,2,2018,0
2370,Jogulamba Gadwal,6.19,0.323101777,Crime Aginst SC_ST,Rape,2,2018,0.5
2371,Kamareddy,10.04,0.199203187,Crime Aginst SC_ST,Rape,2,2018,-1
2372,Kumaram Bheem Asifabad,5.25,0.761904762,Crime Aginst SC_ST,Rape,4,2018,0.25
2373,Mahabubabad,7.84,0.12755102,Crime Aginst SC_ST,Rape,1,2018,2
2374,Mahabubnagar,9.29,1.184068891,Crime Aginst SC_ST,Rape,11,2018,0
2375,Medak,7.88,0.634517766,Crime Aginst SC_ST,Rape,5,2018,-0.4
2376,Mulugu,2.93,0,Crime Aginst SC_ST,Rape,0,2018,0
2377,Nagarkurnool,8.71,0.574052813,Crime Aginst SC_ST,Rape,5,2018,-0.4
2378,Nalgonda,16.52,0.423728814,Crime Aginst SC_ST,Rape,7,2018,0.429
2379,Narayanpet,5.76,0,Crime Aginst SC_ST,Rape,0,2018,0
2380,Nirmal,7.19,0.278164117,Crime Aginst SC_ST,Rape,2,2018,0
2381,Rajanna Sircilla,5.62,0.177935943,Crime Aginst SC_ST,Rape,1,2018,1
2382,Sanga Reddy,15.37,0.455432661,Crime Aginst SC_ST,Rape,7,2018,-0.286
2383,Suryapet,11.09,0.450856628,Crime Aginst SC_ST,Rape,5,2018,0.4
2384,Vikarabad,9.37,0.106723586,Crime Aginst SC_ST,Rape,1,2018,7
2385,Wanaparthy,5.87,0.340715503,Crime Aginst SC_ST,Rape,2,2018,0
2386,RP Secunderabad,,#DIV/0!,Crime Aginst SC_ST,Rape,0,2018,0
2387,CID,,#DIV/0!,Crime Aginst SC_ST,Rape,0,2018,0
2388,Cyberabad,62.1,0.515297907,Crime Aginst SC_ST,Rape,32,2019,0.185
2389,Hyderabad,39.53,0.784214521,Crime Aginst SC_ST,Rape,31,2019,0.148
2390,Karimnagar,10.15,0.985221675,Crime Aginst SC_ST,Rape,10,2019,0.667
2391,Khammam,14.11,0.496102055,Crime Aginst SC_ST,Rape,7,2019,-0.3
2392,Nizamabad,15.87,0.504095778,Crime Aginst SC_ST,Rape,8,2019,0.143
2393,Rachakonda,43.71,0.960878518,Crime Aginst SC_ST,Rape,42,2019,-0.236
2394,Ramagundam,16.12,0.558312655,Crime Aginst SC_ST,Rape,9,2019,-0.357
2395,Siddipet,10.22,0.391389432,Crime Aginst SC_ST,Rape,4,2019,3
2396,Warangal,23.75,0.421052632,Crime Aginst SC_ST,Rape,10,2019,0.429
2397,Adilabad,7.53,0.531208499,Crime Aginst SC_ST,Rape,4,2019,-0.556
2398,Bhadradri Kothagudem,11.12,1.169064748,Crime Aginst SC_ST,Rape,13,2019,0.444
2399,jagtial,9.95,0.100502513,Crime Aginst SC_ST,Rape,1,2019,-0.75
2400,Jayashankar Bhupalpally,4.26,0.469483568,Crime Aginst SC_ST,Rape,2,2019,0
2401,Jogulamba Gadwal,6.19,0.484652666,Crime Aginst SC_ST,Rape,3,2019,0.5
2402,Kamareddy,10.04,0,Crime Aginst SC_ST,Rape,0,2019,-1
2403,Kumaram Bheem Asifabad,5.25,0.952380952,Crime Aginst SC_ST,Rape,5,2019,0.25
2404,Mahabubabad,7.84,0.382653061,Crime Aginst SC_ST,Rape,3,2019,2
2405,Mahabubnagar,9.29,1.184068891,Crime Aginst SC_ST,Rape,11,2019,0
2406,Medak,7.88,0.38071066,Crime Aginst SC_ST,Rape,3,2019,-0.4
2407,Mulugu,2.93,0,Crime Aginst SC_ST,Rape,0,2019,0
2408,Nagarkurnool,8.71,0.344431688,Crime Aginst SC_ST,Rape,3,2019,-0.4
2409,Nalgonda,16.52,0.605326877,Crime Aginst SC_ST,Rape,10,2019,0.429
2410,Narayanpet,5.76,0.520833333,Crime Aginst SC_ST,Rape,3,2019,0
2411,Nirmal,7.19,0.278164117,Crime Aginst SC_ST,Rape,2,2019,0
2412,Rajanna Sircilla,5.62,0.355871886,Crime Aginst SC_ST,Rape,2,2019,1
2413,Sanga Reddy,15.37,0.325309044,Crime Aginst SC_ST,Rape,5,2019,-0.286
2414,Suryapet,11.09,0.631199279,Crime Aginst SC_ST,Rape,7,2019,0.4
2415,Vikarabad,9.37,0.853788687,Crime Aginst SC_ST,Rape,8,2019,7
2416,Wanaparthy,5.87,0.340715503,Crime Aginst SC_ST,Rape,2,2019,0
2417,RP Secunderabad,,#DIV/0!,Crime Aginst SC_ST,Rape,0,2019,0
2418,CID,,#DIV/0!,Crime Aginst SC_ST,Rape,0,2019,0
2419,Cyberabad,62.1,30.85,Economic Offence,Cheatings,1724,2018,0.111
2420,Hyderabad,39.53,42.2,Economic Offence,Cheatings,1568,2018,0.064
2421,Karimnagar,10.15,22.66,Economic Offence,Cheatings,308,2018,-0.253
2422,Khammam,14.11,18.57,Economic Offence,Cheatings,317,2018,-0.174
2423,Nizamabad,15.87,19.72,Economic Offence,Cheatings,333,2018,-0.06
2424,Rachakonda,43.71,38.02,Economic Offence,Cheatings,1475,2018,0.127
2425,Ramagundam,16.12,33.75,Economic Offence,Cheatings,429,2018,0.268
2426,Siddipet,10.22,22.9,Economic Offence,Cheatings,162,2018,0.444
2427,Warangal,23.75,23.75,Economic Offence,Cheatings,469,2018,0.203
2428,Adilabad,7.53,9.56,Economic Offence,Cheatings,107,2018,-0.327
2429,Bhadradri Kothagudem,11.12,14.12,Economic Offence,Cheatings,99,2018,0.586
2430,jagtial,9.95,25.43,Economic Offence,Cheatings,220,2018,0.15
2431,Jayashankar Bhupalpally,4.26,22.07,Economic Offence,Cheatings,120,2018,-0.217
2432,Jogulamba Gadwal,6.19,24.39,Economic Offence,Cheatings,123,2018,0.228
2433,Kamareddy,10.04,9.86,Economic Offence,Cheatings,96,2018,0.031
2434,Kumaram Bheem Asifabad,5.25,52.19,Economic Offence,Cheatings,192,2018,0.427
2435,Mahabubabad,7.84,16.71,Economic Offence,Cheatings,191,2018,-0.314
2436,Mahabubnagar,9.29,8.61,Economic Offence,Cheatings,160,2018,-0.5
2437,Medak,7.88,8.63,Economic Offence,Cheatings,52,2018,0.308
2438,Mulugu,2.93,11.95,Economic Offence,Cheatings,,2018,0
2439,Nagarkurnool,8.71,8.38,Economic Offence,Cheatings,73,2018,0
2440,Nalgonda,16.52,24.21,Economic Offence,Cheatings,280,2018,0.429
2441,Narayanpet,5.76,6.25,Economic Offence,Cheatings,,2018,0
2442,Nirmal,7.19,9.32,Economic Offence,Cheatings,41,2018,0.634
2443,Rajanna Sircilla,5.62,17.97,Economic Offence,Cheatings,109,2018,-0.073
2444,Sanga Reddy,15.37,11.71,Economic Offence,Cheatings,137,2018,0.314
2445,Suryapet,11.09,28.49,Economic Offence,Cheatings,270,2018,0.17
2446,Vikarabad,9.37,7.58,Economic Offence,Cheatings,74,2018,-0.041
2447,Wanaparthy,5.87,14.99,Economic Offence,Cheatings,56,2018,0.571
2448,RP Secunderabad,,0,Economic Offence,Cheatings,57,2018,-0.404
2449,CID,,0,Economic Offence,Cheatings,2,2018,1
2450,Cyberabad,62.1,30.85,Economic Offence,Cheatings,1916,2019,0.111
2451,Hyderabad,39.53,42.2,Economic Offence,Cheatings,1668,2019,0.064
2452,Karimnagar,10.15,22.66,Economic Offence,Cheatings,230,2019,-0.253
2453,Khammam,14.11,18.57,Economic Offence,Cheatings,262,2019,-0.174
2454,Nizamabad,15.87,19.72,Economic Offence,Cheatings,313,2019,-0.06
2455,Rachakonda,43.71,38.02,Economic Offence,Cheatings,1662,2019,0.127
2456,Ramagundam,16.12,33.75,Economic Offence,Cheatings,544,2019,0.268
2457,Siddipet,10.22,22.9,Economic Offence,Cheatings,234,2019,0.444
2458,Warangal,23.75,23.75,Economic Offence,Cheatings,564,2019,0.203
2459,Adilabad,7.53,9.56,Economic Offence,Cheatings,72,2019,-0.327
2460,Bhadradri Kothagudem,11.12,14.12,Economic Offence,Cheatings,157,2019,0.586
2461,jagtial,9.95,25.43,Economic Offence,Cheatings,253,2019,0.15
2462,Jayashankar Bhupalpally,4.26,22.07,Economic Offence,Cheatings,94,2019,-0.217
2463,Jogulamba Gadwal,6.19,24.39,Economic Offence,Cheatings,151,2019,0.228
2464,Kamareddy,10.04,9.86,Economic Offence,Cheatings,99,2019,0.031
2465,Kumaram Bheem Asifabad,5.25,52.19,Economic Offence,Cheatings,274,2019,0.427
2466,Mahabubabad,7.84,16.71,Economic Offence,Cheatings,131,2019,-0.314
2467,Mahabubnagar,9.29,8.61,Economic Offence,Cheatings,80,2019,-0.5
2468,Medak,7.88,8.63,Economic Offence,Cheatings,68,2019,0.308
2469,Mulugu,2.93,11.95,Economic Offence,Cheatings,35,2019,0
2470,Nagarkurnool,8.71,8.38,Economic Offence,Cheatings,73,2019,0
2471,Nalgonda,16.52,24.21,Economic Offence,Cheatings,400,2019,0.429
2472,Narayanpet,5.76,6.25,Economic Offence,Cheatings,36,2019,0
2473,Nirmal,7.19,9.32,Economic Offence,Cheatings,67,2019,0.634
2474,Rajanna Sircilla,5.62,17.97,Economic Offence,Cheatings,101,2019,-0.073
2475,Sanga Reddy,15.37,11.71,Economic Offence,Cheatings,180,2019,0.314
2476,Suryapet,11.09,28.49,Economic Offence,Cheatings,316,2019,0.17
2477,Vikarabad,9.37,7.58,Economic Offence,Cheatings,71,2019,-0.041
2478,Wanaparthy,5.87,14.99,Economic Offence,Cheatings,88,2019,0.571
2479,RP Secunderabad,,0,Economic Offence,Cheatings,34,2019,-0.404
2480,CID,,0,Economic Offence,Cheatings,4,2019,1
2481,Cyberabad,62.1,0.05,Economic Offence,Counterfeit,8,2018,-0.625
2482,Hyderabad,39.53,0.23,Economic Offence,Counterfeit,8,2018,0.125
2483,Karimnagar,10.15,0,Economic Offence,Counterfeit,0,2018,0
2484,Khammam,14.11,0.07,Economic Offence,Counterfeit,1,2018,0
2485,Nizamabad,15.87,0,Economic Offence,Counterfeit,1,2018,-1
2486,Rachakonda,43.71,0.02,Economic Offence,Counterfeit,0,2018,0
2487,Ramagundam,16.12,0.06,Economic Offence,Counterfeit,1,2018,0
2488,Siddipet,10.22,0.1,Economic Offence,Counterfeit,0,2018,0
2489,Warangal,23.75,0.21,Economic Offence,Counterfeit,1,2018,4
2490,Adilabad,7.53,0,Economic Offence,Counterfeit,0,2018,0
2491,Bhadradri Kothagudem,11.12,0,Economic Offence,Counterfeit,0,2018,0
2492,jagtial,9.95,0,Economic Offence,Counterfeit,0,2018,0
2493,Jayashankar Bhupalpally,4.26,0,Economic Offence,Counterfeit,0,2018,0
2494,Jogulamba Gadwal,6.19,0,Economic Offence,Counterfeit,0,2018,0
2495,Kamareddy,10.04,0,Economic Offence,Counterfeit,0,2018,0
2496,Kumaram Bheem Asifabad,5.25,0,Economic Offence,Counterfeit,1,2018,-1
2497,Mahabubabad,7.84,0.13,Economic Offence,Counterfeit,0,2018,0
2498,Mahabubnagar,9.29,0,Economic Offence,Counterfeit,1,2018,-1
2499,Medak,7.88,0,Economic Offence,Counterfeit,1,2018,-1
2500,Mulugu,2.93,0,Economic Offence,Counterfeit,0,2018,0
2501,Nagarkurnool,8.71,0,Economic Offence,Counterfeit,0,2018,0
2502,Nalgonda,16.52,0,Economic Offence,Counterfeit,0,2018,0
2503,Narayanpet,5.76,0,Economic Offence,Counterfeit,0,2018,0
2504,Nirmal,7.19,0,Economic Offence,Counterfeit,0,2018,0
2505,Rajanna Sircilla,5.62,0.18,Economic Offence,Counterfeit,0,2018,0
2506,Sanga Reddy,15.37,0,Economic Offence,Counterfeit,0,2018,0
2507,Suryapet,11.09,0.09,Economic Offence,Counterfeit,1,2018,0
2508,Vikarabad,9.37,0,Economic Offence,Counterfeit,0,2018,0
2509,Wanaparthy,5.87,0,Economic Offence,Counterfeit,0,2018,0
2510,RP Secunderabad,,0,Economic Offence,Counterfeit,0,2018,0
2511,CID,,0,Economic Offence,Counterfeit,,2018,0
2512,Cyberabad,62.1,0.05,Economic Offence,Counterfeit,3,2019,-0.625
2513,Hyderabad,39.53,0.23,Economic Offence,Counterfeit,9,2019,0.125
2514,Karimnagar,10.15,0,Economic Offence,Counterfeit,0,2019,0
2515,Khammam,14.11,0.07,Economic Offence,Counterfeit,1,2019,0
2516,Nizamabad,15.87,0,Economic Offence,Counterfeit,0,2019,-1
2517,Rachakonda,43.71,0.02,Economic Offence,Counterfeit,1,2019,0
2518,Ramagundam,16.12,0.06,Economic Offence,Counterfeit,1,2019,0
2519,Siddipet,10.22,0.1,Economic Offence,Counterfeit,1,2019,0
2520,Warangal,23.75,0.21,Economic Offence,Counterfeit,5,2019,4
2521,Adilabad,7.53,0,Economic Offence,Counterfeit,0,2019,0
2522,Bhadradri Kothagudem,11.12,0,Economic Offence,Counterfeit,0,2019,0
2523,jagtial,9.95,0,Economic Offence,Counterfeit,0,2019,0
2524,Jayashankar Bhupalpally,4.26,0,Economic Offence,Counterfeit,0,2019,0
2525,Jogulamba Gadwal,6.19,0,Economic Offence,Counterfeit,0,2019,0
2526,Kamareddy,10.04,0,Economic Offence,Counterfeit,0,2019,0
2527,Kumaram Bheem Asifabad,5.25,0,Economic Offence,Counterfeit,0,2019,-1
2528,Mahabubabad,7.84,0.13,Economic Offence,Counterfeit,1,2019,0
2529,Mahabubnagar,9.29,0,Economic Offence,Counterfeit,0,2019,-1
2530,Medak,7.88,0,Economic Offence,Counterfeit,0,2019,-1
2531,Mulugu,2.93,0,Economic Offence,Counterfeit,0,2019,0
2532,Nagarkurnool,8.71,0,Economic Offence,Counterfeit,0,2019,0
2533,Nalgonda,16.52,0,Economic Offence,Counterfeit,0,2019,0
2534,Narayanpet,5.76,0,Economic Offence,Counterfeit,0,2019,0
2535,Nirmal,7.19,0,Economic Offence,Counterfeit,0,2019,0
2536,Rajanna Sircilla,5.62,0.18,Economic Offence,Counterfeit,1,2019,0
2537,Sanga Reddy,15.37,0,Economic Offence,Counterfeit,0,2019,0
2538,Suryapet,11.09,0.09,Economic Offence,Counterfeit,1,2019,0
2539,Vikarabad,9.37,0,Economic Offence,Counterfeit,0,2019,0
2540,Wanaparthy,5.87,0,Economic Offence,Counterfeit,0,2019,0
2541,RP Secunderabad,,0,Economic Offence,Counterfeit,0,2019,0
2542,CID,,0,Economic Offence,Counterfeit,,2019,0
2543,Cyberabad,62.1,3.03,Economic Offence,Criminal Breach of Trust,124,2018,0.516
2544,Hyderabad,39.53,3.04,Economic Offence,Criminal Breach of Trust,103,2018,0.165
2545,Karimnagar,10.15,1.08,Economic Offence,Criminal Breach of Trust,11,2018,0
2546,Khammam,14.11,1.2,Economic Offence,Criminal Breach of Trust,30,2018,-0.433
2547,Nizamabad,15.87,0.76,Economic Offence,Criminal Breach of Trust,6,2018,1
2548,Rachakonda,43.71,1.92,Economic Offence,Criminal Breach of Trust,100,2018,-0.16
2549,Ramagundam,16.12,0.56,Economic Offence,Criminal Breach of Trust,3,2018,2
2550,Siddipet,10.22,0.1,Economic Offence,Criminal Breach of Trust,6,2018,-0.833
2551,Warangal,23.75,0.21,Economic Offence,Criminal Breach of Trust,5,2018,0
2552,Adilabad,7.53,0.93,Economic Offence,Criminal Breach of Trust,3,2018,1.333
2553,Bhadradri Kothagudem,11.12,1.62,Economic Offence,Criminal Breach of Trust,7,2018,1.571
2554,jagtial,9.95,0.8,Economic Offence,Criminal Breach of Trust,13,2018,-0.385
2555,Jayashankar Bhupalpally,4.26,0.47,Economic Offence,Criminal Breach of Trust,4,2018,-0.5
2556,Jogulamba Gadwal,6.19,0.16,Economic Offence,Criminal Breach of Trust,4,2018,-0.75
2557,Kamareddy,10.04,2.19,Economic Offence,Criminal Breach of Trust,10,2018,1.2
2558,Kumaram Bheem Asifabad,5.25,0.57,Economic Offence,Criminal Breach of Trust,2,2018,0.5
2559,Mahabubabad,7.84,0.51,Economic Offence,Criminal Breach of Trust,1,2018,3
2560,Mahabubnagar,9.29,0.43,Economic Offence,Criminal Breach of Trust,7,2018,-0.429
2561,Medak,7.88,0.76,Economic Offence,Criminal Breach of Trust,5,2018,0.2
2562,Mulugu,2.93,0,Economic Offence,Criminal Breach of Trust,,2018,0
2563,Nagarkurnool,8.71,0.57,Economic Offence,Criminal Breach of Trust,8,2018,-0.375
2564,Nalgonda,16.52,0.85,Economic Offence,Criminal Breach of Trust,17,2018,-0.176
2565,Narayanpet,5.76,0.35,Economic Offence,Criminal Breach of Trust,,2018,0
2566,Nirmal,7.19,1.39,Economic Offence,Criminal Breach of Trust,4,2018,1.5
2567,Rajanna Sircilla,5.62,1.78,Economic Offence,Criminal Breach of Trust,1,2018,9
2568,Sanga Reddy,15.37,0.65,Economic Offence,Criminal Breach of Trust,11,2018,-0.091
2569,Suryapet,11.09,3.16,Economic Offence,Criminal Breach of Trust,18,2018,0.944
2570,Vikarabad,9.37,0.64,Economic Offence,Criminal Breach of Trust,4,2018,0.5
2571,Wanaparthy,5.87,2.39,Economic Offence,Criminal Breach of Trust,5,2018,1.8
2572,RP Secunderabad,,0,Economic Offence,Criminal Breach of Trust,,2018,0
2573,CID,,0,Economic Offence,Criminal Breach of Trust,,2018,0
2574,Cyberabad,62.1,3.03,Economic Offence,Criminal Breach of Trust,188,2019,0.516
2575,Hyderabad,39.53,3.04,Economic Offence,Criminal Breach of Trust,120,2019,0.165
2576,Karimnagar,10.15,1.08,Economic Offence,Criminal Breach of Trust,11,2019,0
2577,Khammam,14.11,1.2,Economic Offence,Criminal Breach of Trust,17,2019,-0.433
2578,Nizamabad,15.87,0.76,Economic Offence,Criminal Breach of Trust,12,2019,1
2579,Rachakonda,43.71,1.92,Economic Offence,Criminal Breach of Trust,84,2019,-0.16
2580,Ramagundam,16.12,0.56,Economic Offence,Criminal Breach of Trust,9,2019,2
2581,Siddipet,10.22,0.1,Economic Offence,Criminal Breach of Trust,1,2019,-0.833
2582,Warangal,23.75,0.21,Economic Offence,Criminal Breach of Trust,5,2019,0
2583,Adilabad,7.53,0.93,Economic Offence,Criminal Breach of Trust,7,2019,1.333
2584,Bhadradri Kothagudem,11.12,1.62,Economic Offence,Criminal Breach of Trust,18,2019,1.571
2585,jagtial,9.95,0.8,Economic Offence,Criminal Breach of Trust,8,2019,-0.385
2586,Jayashankar Bhupalpally,4.26,0.47,Economic Offence,Criminal Breach of Trust,2,2019,-0.5
2587,Jogulamba Gadwal,6.19,0.16,Economic Offence,Criminal Breach of Trust,1,2019,-0.75
2588,Kamareddy,10.04,2.19,Economic Offence,Criminal Breach of Trust,22,2019,1.2
2589,Kumaram Bheem Asifabad,5.25,0.57,Economic Offence,Criminal Breach of Trust,3,2019,0.5
2590,Mahabubabad,7.84,0.51,Economic Offence,Criminal Breach of Trust,4,2019,3
2591,Mahabubnagar,9.29,0.43,Economic Offence,Criminal Breach of Trust,4,2019,-0.429
2592,Medak,7.88,0.76,Economic Offence,Criminal Breach of Trust,6,2019,0.2
2593,Mulugu,2.93,0,Economic Offence,Criminal Breach of Trust,,2019,0
2594,Nagarkurnool,8.71,0.57,Economic Offence,Criminal Breach of Trust,5,2019,-0.375
2595,Nalgonda,16.52,0.85,Economic Offence,Criminal Breach of Trust,14,2019,-0.176
2596,Narayanpet,5.76,0.35,Economic Offence,Criminal Breach of Trust,2,2019,0
2597,Nirmal,7.19,1.39,Economic Offence,Criminal Breach of Trust,10,2019,1.5
2598,Rajanna Sircilla,5.62,1.78,Economic Offence,Criminal Breach of Trust,10,2019,9
2599,Sanga Reddy,15.37,0.65,Economic Offence,Criminal Breach of Trust,10,2019,-0.091
2600,Suryapet,11.09,3.16,Economic Offence,Criminal Breach of Trust,35,2019,0.944
2601,Vikarabad,9.37,0.64,Economic Offence,Criminal Breach of Trust,6,2019,0.5
2602,Wanaparthy,5.87,2.39,Economic Offence,Criminal Breach of Trust,14,2019,1.8
2603,RP Secunderabad,,0,Economic Offence,Criminal Breach of Trust,,2019,0
2604,CID,,0,Economic Offence,Criminal Breach of Trust,,2019,0
2605,Cyberabad,62.1,9.23,Property Crime,Burglaries,666,2018,-0.14
2606,Hyderabad,39.53,9.16,Property Crime,Burglaries,312,2018,0.16
2607,Karimnagar,10.15,7.19,Property Crime,Burglaries,70,2018,0.043
2608,Khammam,14.11,17.58,Property Crime,Burglaries,212,2018,0.17
2609,Nizamabad,15.87,16.32,Property Crime,Burglaries,197,2018,0.315
2610,Rachakonda,43.71,17.02,Property Crime,Burglaries,822,2018,-0.095
2611,Ramagundam,16.12,11.17,Property Crime,Burglaries,144,2018,0.25
2612,Siddipet,10.22,17.91,Property Crime,Burglaries,101,2018,0.812
2613,Warangal,23.75,9.31,Property Crime,Burglaries,206,2018,0.073
2614,Adilabad,7.53,5.71,Property Crime,Burglaries,42,2018,0.024
2615,Bhadradri Kothagudem,11.12,13.85,Property Crime,Burglaries,147,2018,0.048
2616,jagtial,9.95,11.46,Property Crime,Burglaries,93,2018,0.226
2617,Jayashankar Bhupalpally,4.26,6.1,Property Crime,Burglaries,55,2018,-0.527
2618,Jogulamba Gadwal,6.19,8.56,Property Crime,Burglaries,57,2018,-0.07
2619,Kamareddy,10.04,15.74,Property Crime,Burglaries,108,2018,0.463
2620,Kumaram Bheem Asifabad,5.25,7.43,Property Crime,Burglaries,33,2018,0.182
2621,Mahabubabad,7.84,9.95,Property Crime,Burglaries,97,2018,-0.196
2622,Mahabubnagar,9.29,11.73,Property Crime,Burglaries,116,2018,-0.06
2623,Medak,7.88,10.28,Property Crime,Burglaries,62,2018,0.306
2624,Mulugu,2.93,3.75,Property Crime,Burglaries,,2018,0
2625,Nagarkurnool,8.71,8.61,Property Crime,Burglaries,72,2018,0.042
2626,Nalgonda,16.52,8.84,Property Crime,Burglaries,133,2018,0.098
2627,Narayanpet,5.76,5.9,Property Crime,Burglaries,,2018,0
2628,Nirmal,7.19,8.07,Property Crime,Burglaries,31,2018,0.871
2629,Rajanna Sircilla,5.62,13.35,Property Crime,Burglaries,65,2018,0.154
2630,Sanga Reddy,15.37,17.7,Property Crime,Burglaries,193,2018,0.409
2631,Suryapet,11.09,5.95,Property Crime,Burglaries,88,2018,-0.25
2632,Vikarabad,9.37,11.63,Property Crime,Burglaries,60,2018,0.817
2633,Wanaparthy,5.87,6.3,Property Crime,Burglaries,48,2018,-0.229
2634,RP Secunderabad,,#DIV/0!,Property Crime,Burglaries,,2018,0
2635,CID,,#DIV/0!,Property Crime,Burglaries,,2018,0
2636,Cyberabad,62.1,9.23,Property Crime,Burglaries,573,2019,-0.14
2637,Hyderabad,39.53,9.16,Property Crime,Burglaries,362,2019,0.16
2638,Karimnagar,10.15,7.19,Property Crime,Burglaries,73,2019,0.043
2639,Khammam,14.11,17.58,Property Crime,Burglaries,248,2019,0.17
2640,Nizamabad,15.87,16.32,Property Crime,Burglaries,259,2019,0.315
2641,Rachakonda,43.71,17.02,Property Crime,Burglaries,744,2019,-0.095
2642,Ramagundam,16.12,11.17,Property Crime,Burglaries,180,2019,0.25
2643,Siddipet,10.22,17.91,Property Crime,Burglaries,183,2019,0.812
2644,Warangal,23.75,9.31,Property Crime,Burglaries,221,2019,0.073
2645,Adilabad,7.53,5.71,Property Crime,Burglaries,43,2019,0.024
2646,Bhadradri Kothagudem,11.12,13.85,Property Crime,Burglaries,154,2019,0.048
2647,jagtial,9.95,11.46,Property Crime,Burglaries,114,2019,0.226
2648,Jayashankar Bhupalpally,4.26,6.1,Property Crime,Burglaries,26,2019,-0.527
2649,Jogulamba Gadwal,6.19,8.56,Property Crime,Burglaries,53,2019,-0.07
2650,Kamareddy,10.04,15.74,Property Crime,Burglaries,158,2019,0.463
2651,Kumaram Bheem Asifabad,5.25,7.43,Property Crime,Burglaries,39,2019,0.182
2652,Mahabubabad,7.84,9.95,Property Crime,Burglaries,78,2019,-0.196
2653,Mahabubnagar,9.29,11.73,Property Crime,Burglaries,109,2019,-0.06
2654,Medak,7.88,10.28,Property Crime,Burglaries,81,2019,0.306
2655,Mulugu,2.93,3.75,Property Crime,Burglaries,11,2019,0
2656,Nagarkurnool,8.71,8.61,Property Crime,Burglaries,75,2019,0.042
2657,Nalgonda,16.52,8.84,Property Crime,Burglaries,146,2019,0.098
2658,Narayanpet,5.76,5.9,Property Crime,Burglaries,34,2019,0
2659,Nirmal,7.19,8.07,Property Crime,Burglaries,58,2019,0.871
2660,Rajanna Sircilla,5.62,13.35,Property Crime,Burglaries,75,2019,0.154
2661,Sanga Reddy,15.37,17.7,Property Crime,Burglaries,272,2019,0.409
2662,Suryapet,11.09,5.95,Property Crime,Burglaries,66,2019,-0.25
2663,Vikarabad,9.37,11.63,Property Crime,Burglaries,109,2019,0.817
2664,Wanaparthy,5.87,6.3,Property Crime,Burglaries,37,2019,-0.229
2665,RP Secunderabad,,#DIV/0!,Property Crime,Burglaries,0,2019,0
2666,CID,,#DIV/0!,Property Crime,Burglaries,,2019,0
2667,Cyberabad,62.1,0.03,Property Crime,Dacoities,0,2018,0
2668,Hyderabad,39.53,0.3,Property Crime,Dacoities,10,2018,0.2
2669,Karimnagar,10.15,0.1,Property Crime,Dacoities,0,2018,0
2670,Khammam,14.11,0,Property Crime,Dacoities,0,2018,0
2671,Nizamabad,15.87,0.25,Property Crime,Dacoities,1,2018,3
2672,Rachakonda,43.71,0.21,Property Crime,Dacoities,15,2018,-0.4
2673,Ramagundam,16.12,0,Property Crime,Dacoities,0,2018,0
2674,Siddipet,10.22,0.1,Property Crime,Dacoities,2,2018,-0.5
2675,Warangal,23.75,0.21,Property Crime,Dacoities,2,2018,1.5
2676,Adilabad,7.53,0,Property Crime,Dacoities,0,2018,0
2677,Bhadradri Kothagudem,11.12,0.09,Property Crime,Dacoities,0,2018,0
2678,jagtial,9.95,0,Property Crime,Dacoities,1,2018,-1
2679,Jayashankar Bhupalpally,4.26,0,Property Crime,Dacoities,0,2018,0
2680,Jogulamba Gadwal,6.19,0,Property Crime,Dacoities,0,2018,0
2681,Kamareddy,10.04,0.3,Property Crime,Dacoities,3,2018,0
2682,Kumaram Bheem Asifabad,5.25,0,Property Crime,Dacoities,0,2018,0
2683,Mahabubabad,7.84,0,Property Crime,Dacoities,0,2018,0
2684,Mahabubnagar,9.29,0,Property Crime,Dacoities,0,2018,0
2685,Medak,7.88,0.13,Property Crime,Dacoities,1,2018,0
2686,Mulugu,2.93,0,Property Crime,Dacoities,0,2018,0
2687,Nagarkurnool,8.71,0,Property Crime,Dacoities,0,2018,0
2688,Nalgonda,16.52,0.06,Property Crime,Dacoities,0,2018,0
2689,Narayanpet,5.76,0,Property Crime,Dacoities,0,2018,0
2690,Nirmal,7.19,0.14,Property Crime,Dacoities,2,2018,-0.5
2691,Rajanna Sircilla,5.62,0.18,Property Crime,Dacoities,0,2018,0
2692,Sanga Reddy,15.37,0.07,Property Crime,Dacoities,1,2018,0
2693,Suryapet,11.09,0,Property Crime,Dacoities,0,2018,0
2694,Vikarabad,9.37,0,Property Crime,Dacoities,0,2018,0
2695,Wanaparthy,5.87,0,Property Crime,Dacoities,0,2018,0
2696,RP Secunderabad,,0,Property Crime,Dacoities,8,2018,-0.75
2697,CID,,0,Property Crime,Dacoities,,2018,0
2698,Cyberabad,62.1,0.03,Property Crime,Dacoities,2,2019,0
2699,Hyderabad,39.53,0.3,Property Crime,Dacoities,12,2019,0.2
2700,Karimnagar,10.15,0.1,Property Crime,Dacoities,1,2019,0
2701,Khammam,14.11,0,Property Crime,Dacoities,0,2019,0
2702,Nizamabad,15.87,0.25,Property Crime,Dacoities,4,2019,3
2703,Rachakonda,43.71,0.21,Property Crime,Dacoities,9,2019,-0.4
2704,Ramagundam,16.12,0,Property Crime,Dacoities,0,2019,0
2705,Siddipet,10.22,0.1,Property Crime,Dacoities,1,2019,-0.5
2706,Warangal,23.75,0.21,Property Crime,Dacoities,5,2019,1.5
2707,Adilabad,7.53,0,Property Crime,Dacoities,0,2019,0
2708,Bhadradri Kothagudem,11.12,0.09,Property Crime,Dacoities,1,2019,0
2709,jagtial,9.95,0,Property Crime,Dacoities,0,2019,-1
2710,Jayashankar Bhupalpally,4.26,0,Property Crime,Dacoities,0,2019,0
2711,Jogulamba Gadwal,6.19,0,Property Crime,Dacoities,0,2019,0
2712,Kamareddy,10.04,0.3,Property Crime,Dacoities,3,2019,0
2713,Kumaram Bheem Asifabad,5.25,0,Property Crime,Dacoities,0,2019,0
2714,Mahabubabad,7.84,0,Property Crime,Dacoities,0,2019,0
2715,Mahabubnagar,9.29,0,Property Crime,Dacoities,0,2019,0
2716,Medak,7.88,0.13,Property Crime,Dacoities,1,2019,0
2717,Mulugu,2.93,0,Property Crime,Dacoities,,2019,0
2718,Nagarkurnool,8.71,0,Property Crime,Dacoities,0,2019,0
2719,Nalgonda,16.52,0.06,Property Crime,Dacoities,1,2019,0
2720,Narayanpet,5.76,0,Property Crime,Dacoities,,2019,0
2721,Nirmal,7.19,0.14,Property Crime,Dacoities,1,2019,-0.5
2722,Rajanna Sircilla,5.62,0.18,Property Crime,Dacoities,1,2019,0
2723,Sanga Reddy,15.37,0.07,Property Crime,Dacoities,1,2019,0
2724,Suryapet,11.09,0,Property Crime,Dacoities,0,2019,0
2725,Vikarabad,9.37,0,Property Crime,Dacoities,0,2019,0
2726,Wanaparthy,5.87,0,Property Crime,Dacoities,0,2019,0
2727,RP Secunderabad,,0,Property Crime,Dacoities,2,2019,-0.75
2728,CID,,0,Property Crime,Dacoities,,2019,0
2729,Cyberabad,62.1,0.11,Property Crime,Murder for gain,5,2018,0.4
2730,Hyderabad,39.53,0.08,Property Crime,Murder for gain,3,2018,0
2731,Karimnagar,10.15,0.1,Property Crime,Murder for gain,0,2018,0
2732,Khammam,14.11,0.07,Property Crime,Murder for gain,2,2018,-0.5
2733,Nizamabad,15.87,0.13,Property Crime,Murder for gain,5,2018,-0.6
2734,Rachakonda,43.71,0.05,Property Crime,Murder for gain,5,2018,-0.6
2735,Ramagundam,16.12,0.06,Property Crime,Murder for gain,3,2018,-0.667
2736,Siddipet,10.22,0,Property Crime,Murder for gain,2,2018,-1
2737,Warangal,23.75,0,Property Crime,Murder for gain,1,2018,-1
2738,Adilabad,7.53,0.13,Property Crime,Murder for gain,0,2018,0
2739,Bhadradri Kothagudem,11.12,0,Property Crime,Murder for gain,1,2018,-1
2740,jagtial,9.95,0,Property Crime,Murder for gain,1,2018,-1
2741,Jayashankar Bhupalpally,4.26,0.47,Property Crime,Murder for gain,2,2018,0
2742,Jogulamba Gadwal,6.19,0.32,Property Crime,Murder for gain,0,2018,0
2743,Kamareddy,10.04,0.4,Property Crime,Murder for gain,2,2018,1
2744,Kumaram Bheem Asifabad,5.25,0,Property Crime,Murder for gain,1,2018,-1
2745,Mahabubabad,7.84,0,Property Crime,Murder for gain,0,2018,0
2746,Mahabubnagar,9.29,0.32,Property Crime,Murder for gain,1,2018,2
2747,Medak,7.88,0.25,Property Crime,Murder for gain,2,2018,0
2748,Mulugu,2.93,0.34,Property Crime,Murder for gain,1,2018,0
2749,Nagarkurnool,8.71,0,Property Crime,Murder for gain,0,2018,0
2750,Nalgonda,16.52,0.06,Property Crime,Murder for gain,0,2018,0
2751,Narayanpet,5.76,0.17,Property Crime,Murder for gain,1,2018,0
2752,Nirmal,7.19,0,Property Crime,Murder for gain,1,2018,-1
2753,Rajanna Sircilla,5.62,0,Property Crime,Murder for gain,0,2018,0
2754,Sanga Reddy,15.37,0.59,Property Crime,Murder for gain,4,2018,1.25
2755,Suryapet,11.09,0.09,Property Crime,Murder for gain,2,2018,-0.5
2756,Vikarabad,9.37,0.11,Property Crime,Murder for gain,2,2018,-0.5
2757,Wanaparthy,5.87,0,Property Crime,Murder for gain,0,2018,0
2758,RP Secunderabad,,#DIV/0!,Property Crime,Murder for gain,0,2018,
2759,CID,,#DIV/0!,Property Crime,Murder for gain,,2018,0
2760,Cyberabad,62.1,0.11,Property Crime,Murder for gain,7,2019,0.4
2761,Hyderabad,39.53,0.08,Property Crime,Murder for gain,3,2019,0
2762,Karimnagar,10.15,0.1,Property Crime,Murder for gain,1,2019,0
2763,Khammam,14.11,0.07,Property Crime,Murder for gain,1,2019,-0.5
2764,Nizamabad,15.87,0.13,Property Crime,Murder for gain,2,2019,-0.6
2765,Rachakonda,43.71,0.05,Property Crime,Murder for gain,2,2019,-0.6
2766,Ramagundam,16.12,0.06,Property Crime,Murder for gain,1,2019,-0.667
2767,Siddipet,10.22,0,Property Crime,Murder for gain,0,2019,-1
2768,Warangal,23.75,0,Property Crime,Murder for gain,0,2019,-1
2769,Adilabad,7.53,0.13,Property Crime,Murder for gain,1,2019,0
2770,Bhadradri Kothagudem,11.12,0,Property Crime,Murder for gain,0,2019,-1
2771,jagtial,9.95,0,Property Crime,Murder for gain,0,2019,-1
2772,Jayashankar Bhupalpally,4.26,0.47,Property Crime,Murder for gain,2,2019,0
2773,Jogulamba Gadwal,6.19,0.32,Property Crime,Murder for gain,2,2019,0
2774,Kamareddy,10.04,0.4,Property Crime,Murder for gain,4,2019,1
2775,Kumaram Bheem Asifabad,5.25,0,Property Crime,Murder for gain,0,2019,-1
2776,Mahabubabad,7.84,0,Property Crime,Murder for gain,0,2019,0
2777,Mahabubnagar,9.29,0.32,Property Crime,Murder for gain,3,2019,2
2778,Medak,7.88,0.25,Property Crime,Murder for gain,2,2019,0
2779,Mulugu,2.93,0.34,Property Crime,Murder for gain,,2019,0
2780,Nagarkurnool,8.71,0,Property Crime,Murder for gain,0,2019,0
2781,Nalgonda,16.52,0.06,Property Crime,Murder for gain,1,2019,0
2782,Narayanpet,5.76,0.17,Property Crime,Murder for gain,,2019,0
2783,Nirmal,7.19,0,Property Crime,Murder for gain,0,2019,-1
2784,Rajanna Sircilla,5.62,0,Property Crime,Murder for gain,0,2019,0
2785,Sanga Reddy,15.37,0.59,Property Crime,Murder for gain,9,2019,1.25
2786,Suryapet,11.09,0.09,Property Crime,Murder for gain,1,2019,-0.5
2787,Vikarabad,9.37,0.11,Property Crime,Murder for gain,1,2019,-0.5
2788,Wanaparthy,5.87,0,Property Crime,Murder for gain,0,2019,0
2789,RP Secunderabad,,#DIV/0!,Property Crime,Murder for gain,0,2019,
2790,CID,,#DIV/0!,Property Crime,Murder for gain,,2019,0
2791,Cyberabad,62.1,32.54,Property Crime,Ordinary thefts,2241,2018,-0.098
2792,Hyderabad,39.53,61.78,Property Crime,Ordinary thefts,2165,2018,0.128
2793,Karimnagar,10.15,16.06,Property Crime,Ordinary thefts,283,2018,-0.424
2794,Khammam,14.11,20.77,Property Crime,Ordinary thefts,282,2018,0.039
2795,Nizamabad,15.87,31.19,Property Crime,Ordinary thefts,576,2018,-0.141
2796,Rachakonda,43.71,38.5,Property Crime,Ordinary thefts,1803,2018,-0.067
2797,Ramagundam,16.12,20.47,Property Crime,Ordinary thefts,251,2018,0.315
2798,Siddipet,10.22,32.29,Property Crime,Ordinary thefts,185,2018,0.784
2799,Warangal,23.75,14.95,Property Crime,Ordinary thefts,385,2018,-0.078
2800,Adilabad,7.53,15.01,Property Crime,Ordinary thefts,128,2018,-0.117
2801,Bhadradri Kothagudem,11.12,17.36,Property Crime,Ordinary thefts,146,2018,0.322
2802,jagtial,9.95,17.09,Property Crime,Ordinary thefts,88,2018,0.932
2803,Jayashankar Bhupalpally,4.26,11.97,Property Crime,Ordinary thefts,81,2018,-0.37
2804,Jogulamba Gadwal,6.19,68.66,Property Crime,Ordinary thefts,271,2018,0.568
2805,Kamareddy,10.04,23.11,Property Crime,Ordinary thefts,151,2018,0.536
2806,Kumaram Bheem Asifabad,5.25,8.38,Property Crime,Ordinary thefts,53,2018,-0.17
2807,Mahabubabad,7.84,9.18,Property Crime,Ordinary thefts,102,2018,-0.294
2808,Mahabubnagar,9.29,12.7,Property Crime,Ordinary thefts,220,2018,-0.464
2809,Medak,7.88,14.85,Property Crime,Ordinary thefts,98,2018,0.194
2810,Mulugu,2.93,0,Property Crime,Ordinary thefts,,2018,
2811,Nagarkurnool,8.71,11.94,Property Crime,Ordinary thefts,252,2018,-0.587
2812,Nalgonda,16.52,16.16,Property Crime,Ordinary thefts,172,2018,0.552
2813,Narayanpet,5.76,0,Property Crime,Ordinary thefts,,2018,
2814,Nirmal,7.19,12.38,Property Crime,Ordinary thefts,63,2018,0.413
2815,Rajanna Sircilla,5.62,14.23,Property Crime,Ordinary thefts,51,2018,0.569
2816,Sanga Reddy,15.37,23.16,Property Crime,Ordinary thefts,210,2018,0.695
2817,Suryapet,11.09,13.53,Property Crime,Ordinary thefts,155,2018,-0.032
2818,Vikarabad,9.37,11.74,Property Crime,Ordinary thefts,64,2018,0.719
2819,Wanaparthy,5.87,26.24,Property Crime,Ordinary thefts,192,2018,-0.198
2820,RP Secunderabad,,#DIV/0!,Property Crime,Ordinary thefts,675,2018,0.099
2821,CID,,#DIV/0!,Property Crime,Ordinary thefts,,2018,0
2822,Cyberabad,62.1,32.54,Property Crime,Ordinary thefts,2021,2019,-0.098
2823,Hyderabad,39.53,61.78,Property Crime,Ordinary thefts,2442,2019,0.128
2824,Karimnagar,10.15,16.06,Property Crime,Ordinary thefts,163,2019,-0.424
2825,Khammam,14.11,20.77,Property Crime,Ordinary thefts,293,2019,0.039
2826,Nizamabad,15.87,31.19,Property Crime,Ordinary thefts,495,2019,-0.141
2827,Rachakonda,43.71,38.5,Property Crime,Ordinary thefts,1683,2019,-0.067
2828,Ramagundam,16.12,20.47,Property Crime,Ordinary thefts,330,2019,0.315
2829,Siddipet,10.22,32.29,Property Crime,Ordinary thefts,330,2019,0.784
2830,Warangal,23.75,14.95,Property Crime,Ordinary thefts,355,2019,-0.078
2831,Adilabad,7.53,15.01,Property Crime,Ordinary thefts,113,2019,-0.117
2832,Bhadradri Kothagudem,11.12,17.36,Property Crime,Ordinary thefts,193,2019,0.322
2833,jagtial,9.95,17.09,Property Crime,Ordinary thefts,170,2019,0.932
2834,Jayashankar Bhupalpally,4.26,11.97,Property Crime,Ordinary thefts,51,2019,-0.37
2835,Jogulamba Gadwal,6.19,68.66,Property Crime,Ordinary thefts,425,2019,0.568
2836,Kamareddy,10.04,23.11,Property Crime,Ordinary thefts,232,2019,0.536
2837,Kumaram Bheem Asifabad,5.25,8.38,Property Crime,Ordinary thefts,44,2019,-0.17
2838,Mahabubabad,7.84,9.18,Property Crime,Ordinary thefts,72,2019,-0.294
2839,Mahabubnagar,9.29,12.7,Property Crime,Ordinary thefts,118,2019,-0.464
2840,Medak,7.88,14.85,Property Crime,Ordinary thefts,117,2019,0.194
2841,Mulugu,2.93,8.19112628,Property Crime,Ordinary thefts,24,2019,
2842,Nagarkurnool,8.71,11.94,Property Crime,Ordinary thefts,104,2019,-0.587
2843,Nalgonda,16.52,16.16,Property Crime,Ordinary thefts,267,2019,0.552
2844,Narayanpet,5.76,7.291666667,Property Crime,Ordinary thefts,42,2019,
2845,Nirmal,7.19,12.38,Property Crime,Ordinary thefts,89,2019,0.413
2846,Rajanna Sircilla,5.62,14.23,Property Crime,Ordinary thefts,80,2019,0.569
2847,Sanga Reddy,15.37,23.16,Property Crime,Ordinary thefts,356,2019,0.695
2848,Suryapet,11.09,13.53,Property Crime,Ordinary thefts,150,2019,-0.032
2849,Vikarabad,9.37,11.74,Property Crime,Ordinary thefts,110,2019,0.719
2850,Wanaparthy,5.87,26.24,Property Crime,Ordinary thefts,154,2019,-0.198
2851,RP Secunderabad,,#DIV/0!,Property Crime,Ordinary thefts,742,2019,0.099
2852,CID,,#DIV/0!,Property Crime,Ordinary thefts,,2019,0
2853,Cyberabad,62.1,1.56,Property Crime,Robberies,151,2018,-0.358
2854,Hyderabad,39.53,2.83,Property Crime,Robberies,98,2018,0.143
2855,Karimnagar,10.15,0.3,Property Crime,Robberies,3,2018,0
2856,Khammam,14.11,0.78,Property Crime,Robberies,10,2018,0.1
2857,Nizamabad,15.87,0.95,Property Crime,Robberies,17,2018,-0.118
2858,Rachakonda,43.71,3,Property Crime,Robberies,155,2018,-0.155
2859,Ramagundam,16.12,0.56,Property Crime,Robberies,5,2018,0.8
2860,Siddipet,10.22,0.39,Property Crime,Robberies,3,2018,0.333
2861,Warangal,23.75,0.67,Property Crime,Robberies,29,2018,-0.448
2862,Adilabad,7.53,0.53,Property Crime,Robberies,1,2018,3
2863,Bhadradri Kothagudem,11.12,0.81,Property Crime,Robberies,2,2018,3.5
2864,jagtial,9.95,0.7,Property Crime,Robberies,9,2018,-0.222
2865,Jayashankar Bhupalpally,4.26,0.23,Property Crime,Robberies,4,2018,-0.75
2866,Jogulamba Gadwal,6.19,0.16,Property Crime,Robberies,3,2018,-0.667
2867,Kamareddy,10.04,0.7,Property Crime,Robberies,10,2018,-0.3
2868,Kumaram Bheem Asifabad,5.25,0.38,Property Crime,Robberies,3,2018,-0.333
2869,Mahabubabad,7.84,0.26,Property Crime,Robberies,4,2018,-0.5
2870,Mahabubnagar,9.29,0.75,Property Crime,Robberies,8,2018,-0.125
2871,Medak,7.88,0.51,Property Crime,Robberies,6,2018,-0.333
2872,Mulugu,2.93,2.05,Property Crime,Robberies,,2018,0
2873,Nagarkurnool,8.71,0,Property Crime,Robberies,11,2018,-1
2874,Nalgonda,16.52,0.42,Property Crime,Robberies,7,2018,0
2875,Narayanpet,5.76,0.17,Property Crime,Robberies,,2018,0
2876,Nirmal,7.19,0.14,Property Crime,Robberies,4,2018,-0.75
2877,Rajanna Sircilla,5.62,1.07,Property Crime,Robberies,4,2018,0.5
2878,Sanga Reddy,15.37,0.72,Property Crime,Robberies,8,2018,0.375
2879,Suryapet,11.09,0.18,Property Crime,Robberies,6,2018,-0.667
2880,Vikarabad,9.37,0.21,Property Crime,Robberies,0,2018,0
2881,Wanaparthy,5.87,0.68,Property Crime,Robberies,2,2018,1
2882,RP Secunderabad,,#DIV/0!,Property Crime,Robberies,,2018,0
2883,CID,,#DIV/0!,Property Crime,Robberies,,2018,0
2884,Cyberabad,62.1,1.56,Property Crime,Robberies,97,2019,-0.358
2885,Hyderabad,39.53,2.83,Property Crime,Robberies,112,2019,0.143
2886,Karimnagar,10.15,0.3,Property Crime,Robberies,3,2019,0
2887,Khammam,14.11,0.78,Property Crime,Robberies,11,2019,0.1
2888,Nizamabad,15.87,0.95,Property Crime,Robberies,15,2019,-0.118
2889,Rachakonda,43.71,3,Property Crime,Robberies,131,2019,-0.155
2890,Ramagundam,16.12,0.56,Property Crime,Robberies,9,2019,0.8
2891,Siddipet,10.22,0.39,Property Crime,Robberies,4,2019,0.333
2892,Warangal,23.75,0.67,Property Crime,Robberies,16,2019,-0.448
2893,Adilabad,7.53,0.53,Property Crime,Robberies,4,2019,3
2894,Bhadradri Kothagudem,11.12,0.81,Property Crime,Robberies,9,2019,3.5
2895,jagtial,9.95,0.7,Property Crime,Robberies,7,2019,-0.222
2896,Jayashankar Bhupalpally,4.26,0.23,Property Crime,Robberies,1,2019,-0.75
2897,Jogulamba Gadwal,6.19,0.16,Property Crime,Robberies,1,2019,-0.667
2898,Kamareddy,10.04,0.7,Property Crime,Robberies,7,2019,-0.3
2899,Kumaram Bheem Asifabad,5.25,0.38,Property Crime,Robberies,2,2019,-0.333
2900,Mahabubabad,7.84,0.26,Property Crime,Robberies,2,2019,-0.5
2901,Mahabubnagar,9.29,0.75,Property Crime,Robberies,7,2019,-0.125
2902,Medak,7.88,0.51,Property Crime,Robberies,4,2019,-0.333
2903,Mulugu,2.93,2.05,Property Crime,Robberies,6,2019,0
2904,Nagarkurnool,8.71,0,Property Crime,Robberies,0,2019,-1
2905,Nalgonda,16.52,0.42,Property Crime,Robberies,7,2019,0
2906,Narayanpet,5.76,0.17,Property Crime,Robberies,1,2019,0
2907,Nirmal,7.19,0.14,Property Crime,Robberies,1,2019,-0.75
2908,Rajanna Sircilla,5.62,1.07,Property Crime,Robberies,6,2019,0.5
2909,Sanga Reddy,15.37,0.72,Property Crime,Robberies,11,2019,0.375
2910,Suryapet,11.09,0.18,Property Crime,Robberies,2,2019,-0.667
2911,Vikarabad,9.37,0.21,Property Crime,Robberies,2,2019,0
2912,Wanaparthy,5.87,0.68,Property Crime,Robberies,4,2019,1
2913,RP Secunderabad,,#DIV/0!,Property Crime,Robberies,6,2019,0
2914,CID,,#DIV/0!,Property Crime,Robberies,,2019,0
